team_id,season,season_week,match_id,match_date,match_type,player_id,min_pg,min_sg,min_sf,min_pf,min_c,total_min
114360,69,1,135197886,2025-07-11T00:00:00.000Z,friendly,49238059,4,0,0,0,30,34
114360,69,1,135197886,2025-07-11T00:00:00.000Z,friendly,49294179,33,0,12,0,0,45
114360,69,1,135197886,2025-07-11T00:00:00.000Z,friendly,49320295,0,0,0,21,4,25
114360,69,1,135197886,2025-07-11T00:00:00.000Z,friendly,49341632,6,34,0,0,0,40
114360,69,1,135197886,2025-07-11T00:00:00.000Z,friendly,49365906,2,0,0,0,0,2
114360,69,1,135197886,2025-07-11T00:00:00.000Z,friendly,49600322,0,0,1,27,0,28
114360,69,1,135197886,2025-07-11T00:00:00.000Z,friendly,49983596,0,0,35,0,0,35
114360,69,1,135197886,2025-07-11T00:00:00.000Z,friendly,51241512,2,14,0,0,0,16
114360,69,1,135197886,2025-07-11T00:00:00.000Z,friendly,54209203,1,0,0,0,13,14
114360,69,1,135019314,2025-07-11T18:00:00.000Z,pl.rs,49238059,0,0,0,0,41,41
114360,69,1,135019314,2025-07-11T18:00:00.000Z,pl.rs,49294179,3,4,9,0,0,16
114360,69,1,135019314,2025-07-11T18:00:00.000Z,pl.rs,49320295,0,0,0,37,0,37
114360,69,1,135019314,2025-07-11T18:00:00.000Z,pl.rs,49341632,0,42,0,0,0,42
114360,69,1,135019314,2025-07-11T18:00:00.000Z,pl.rs,49365906,42,0,0,0,0,42
114360,69,1,135019314,2025-07-11T18:00:00.000Z,pl.rs,49600322,0,0,0,11,7,18
114360,69,1,135019314,2025-07-11T18:00:00.000Z,pl.rs,49983596,0,0,39,0,0,39
114360,69,1,135019314,2025-07-11T18:00:00.000Z,pl.rs,51241512,4,2,0,0,0,6
114360,69,1,135019314,2025-07-11T18:00:00.000Z,pl.rs,54209203,0,0,0,0,0,0
114360,69,1,135577733,2025-07-12T15:30:00.000Z,league.rs,49238059,0,0,0,0,36,36
114360,69,1,135577733,2025-07-12T15:30:00.000Z,league.rs,49294179,6,4,9,0,0,19
114360,69,1,135577733,2025-07-12T15:30:00.000Z,league.rs,49320295,0,0,0,29,0,29
114360,69,1,135577733,2025-07-12T15:30:00.000Z,league.rs,49341632,0,40,0,0,0,40
114360,69,1,135577733,2025-07-12T15:30:00.000Z,league.rs,49365906,42,0,0,0,0,42
114360,69,1,135577733,2025-07-12T15:30:00.000Z,league.rs,49600322,0,0,0,19,12,31
114360,69,1,135577733,2025-07-12T15:30:00.000Z,league.rs,49983596,0,0,39,0,0,39
114360,69,1,135577733,2025-07-12T15:30:00.000Z,league.rs,51241512,0,4,0,0,0,4
114360,69,1,135577733,2025-07-12T15:30:00.000Z,league.rs,54209203,0,0,0,0,0,0
114360,69,2,135577744,2025-07-15T15:30:00.000Z,league.rs,49238059,0,0,0,2,35,37
114360,69,2,135577744,2025-07-15T15:30:00.000Z,league.rs,49294179,6,6,4,0,0,16
114360,69,2,135577744,2025-07-15T15:30:00.000Z,league.rs,49320295,0,0,0,28,5,33
114360,69,2,135577744,2025-07-15T15:30:00.000Z,league.rs,49341632,0,42,0,0,0,42
114360,69,2,135577744,2025-07-15T15:30:00.000Z,league.rs,49365906,42,0,0,0,0,42
114360,69,2,135577744,2025-07-15T15:30:00.000Z,league.rs,49600322,0,0,4,18,8,30
114360,69,2,135577744,2025-07-15T15:30:00.000Z,league.rs,49983596,0,0,41,0,0,41
114360,69,2,135578033,2025-07-17T15:30:00.000Z,cup,49294179,44,0,0,0,0,44
114360,69,2,135578033,2025-07-17T15:30:00.000Z,cup,51241512,0,45,0,0,0,45
114360,69,2,135578033,2025-07-17T15:30:00.000Z,cup,52956465,0,0,41,0,0,41
114360,69,2,135578033,2025-07-17T15:30:00.000Z,cup,53571950,0,0,0,48,0,48
114360,69,2,135578033,2025-07-17T15:30:00.000Z,cup,53572533,0,0,2,0,14,16
114360,69,2,135578033,2025-07-17T15:30:00.000Z,cup,54209203,4,3,5,0,34,46
114360,69,2,135019321,2025-07-18T18:00:00.000Z,pl.rs,49238059,0,0,0,0,27,27
114360,69,2,135019321,2025-07-18T18:00:00.000Z,pl.rs,49294179,6,3,19,0,0,28
114360,69,2,135019321,2025-07-18T18:00:00.000Z,pl.rs,49320295,0,0,0,27,0,27
114360,69,2,135019321,2025-07-18T18:00:00.000Z,pl.rs,49341632,4,29,0,0,0,33
114360,69,2,135019321,2025-07-18T18:00:00.000Z,pl.rs,49365906,38,0,0,0,0,38
114360,69,2,135019321,2025-07-18T18:00:00.000Z,pl.rs,49600322,0,0,0,21,7,28
114360,69,2,135019321,2025-07-18T18:00:00.000Z,pl.rs,49983596,0,0,29,0,0,29
114360,69,2,135019321,2025-07-18T18:00:00.000Z,pl.rs,51241512,0,16,0,0,0,16
114360,69,2,135019321,2025-07-18T18:00:00.000Z,pl.rs,54209203,0,0,0,0,14,14
114360,69,2,135577751,2025-07-19T15:30:00.000Z,league.rs,49238059,0,0,0,1,33,34
114360,69,2,135577751,2025-07-19T15:30:00.000Z,league.rs,49294179,8,3,7,0,0,18
114360,69,2,135577751,2025-07-19T15:30:00.000Z,league.rs,49320295,0,0,0,25,4,29
114360,69,2,135577751,2025-07-19T15:30:00.000Z,league.rs,49341632,0,39,0,0,0,39
114360,69,2,135577751,2025-07-19T15:30:00.000Z,league.rs,49365906,39,0,0,0,0,39
114360,69,2,135577751,2025-07-19T15:30:00.000Z,league.rs,49600322,0,1,0,21,8,30
114360,69,2,135577751,2025-07-19T15:30:00.000Z,league.rs,49983596,0,0,41,0,0,41
114360,69,2,135577751,2025-07-19T15:30:00.000Z,league.rs,51241512,1,6,0,0,0,7
114360,69,2,135577751,2025-07-19T15:30:00.000Z,league.rs,54209203,0,0,0,0,2,2
114360,69,3,135577758,2025-07-22T15:30:00.000Z,league.rs,49238059,1,0,0,0,30,31
114360,69,3,135577758,2025-07-22T15:30:00.000Z,league.rs,49294179,5,2,18,0,0,25
114360,69,3,135577758,2025-07-22T15:30:00.000Z,league.rs,49320295,0,0,0,28,0,28
114360,69,3,135577758,2025-07-22T15:30:00.000Z,league.rs,49341632,0,31,0,0,0,31
114360,69,3,135577758,2025-07-22T15:30:00.000Z,league.rs,49365906,42,0,0,0,0,42
114360,69,3,135577758,2025-07-22T15:30:00.000Z,league.rs,49600322,0,0,0,20,6,26
114360,69,3,135577758,2025-07-22T15:30:00.000Z,league.rs,49983596,0,0,30,0,0,30
114360,69,3,135577758,2025-07-22T15:30:00.000Z,league.rs,51241512,0,16,0,0,0,16
114360,69,3,135577758,2025-07-22T15:30:00.000Z,league.rs,54209203,1,0,0,0,13,14
114360,69,3,136225996,2025-07-24T15:30:00.000Z,cup,49294179,42,0,0,0,0,42
114360,69,3,136225996,2025-07-24T15:30:00.000Z,cup,49600322,0,2,3,20,4,29
114360,69,3,136225996,2025-07-24T15:30:00.000Z,cup,51241512,0,42,0,0,0,42
114360,69,3,136225996,2025-07-24T15:30:00.000Z,cup,52956465,2,0,38,0,0,40
114360,69,3,136225996,2025-07-24T15:30:00.000Z,cup,53571950,4,3,0,28,0,35
114360,69,3,136225996,2025-07-24T15:30:00.000Z,cup,53572533,0,0,3,0,11,14
114360,69,3,136225996,2025-07-24T15:30:00.000Z,cup,54209203,0,1,5,0,32,38
114360,69,3,135019328,2025-07-25T18:00:00.000Z,pl.rs,49238059,0,0,0,1,36,37
114360,69,3,135019328,2025-07-25T18:00:00.000Z,pl.rs,49294179,9,4,5,0,0,18
114360,69,3,135019328,2025-07-25T18:00:00.000Z,pl.rs,49320295,0,0,1,24,3,28
114360,69,3,135019328,2025-07-25T18:00:00.000Z,pl.rs,49341632,0,42,0,0,0,42
114360,69,3,135019328,2025-07-25T18:00:00.000Z,pl.rs,49365906,39,0,0,0,0,39
114360,69,3,135019328,2025-07-25T18:00:00.000Z,pl.rs,49600322,0,3,3,22,8,36
114360,69,3,135019328,2025-07-25T18:00:00.000Z,pl.rs,49983596,0,0,38,0,0,38
114360,69,3,135577767,2025-07-26T15:30:00.000Z,league.rs.tv,49238059,0,0,0,7,34,41
114360,69,3,135577767,2025-07-26T15:30:00.000Z,league.rs.tv,49294179,13,4,6,0,0,23
114360,69,3,135577767,2025-07-26T15:30:00.000Z,league.rs.tv,49320295,0,0,7,21,2,30
114360,69,3,135577767,2025-07-26T15:30:00.000Z,league.rs.tv,49341632,0,0,35,0,0,35
114360,69,3,135577767,2025-07-26T15:30:00.000Z,league.rs.tv,49365906,35,0,0,0,0,35
114360,69,3,135577767,2025-07-26T15:30:00.000Z,league.rs.tv,49600322,0,7,1,20,4,32
114360,69,3,135577767,2025-07-26T15:30:00.000Z,league.rs.tv,49983596,0,35,0,0,0,35
114360,69,3,135577767,2025-07-26T15:30:00.000Z,league.rs.tv,54209203,0,2,0,0,9,11
114360,69,4,135577775,2025-07-29T15:30:00.000Z,league.rs,49238059,0,0,0,0,40,40
114360,69,4,135577775,2025-07-29T15:30:00.000Z,league.rs,49294179,19,4,4,0,0,27
114360,69,4,135577775,2025-07-29T15:30:00.000Z,league.rs,49320295,0,0,3,33,2,38
114360,69,4,135577775,2025-07-29T15:30:00.000Z,league.rs,49341632,0,39,0,0,0,39
114360,69,4,135577775,2025-07-29T15:30:00.000Z,league.rs,49365906,29,0,0,1,0,30
114360,69,4,135577775,2025-07-29T15:30:00.000Z,league.rs,49600322,0,4,12,12,6,34
114360,69,4,135577775,2025-07-29T15:30:00.000Z,league.rs,49983596,0,1,29,1,0,31
114360,69,4,136249346,2025-07-31T15:30:00.000Z,cup,49294179,44,0,0,0,0,44
114360,69,4,136249346,2025-07-31T15:30:00.000Z,cup,49600322,0,23,3,15,2,43
114360,69,4,136249346,2025-07-31T15:30:00.000Z,cup,51241512,0,7,0,0,0,7
114360,69,4,136249346,2025-07-31T15:30:00.000Z,cup,52956465,0,0,41,0,0,41
114360,69,4,136249346,2025-07-31T15:30:00.000Z,cup,53571950,4,6,0,33,0,43
114360,69,4,136249346,2025-07-31T15:30:00.000Z,cup,53572533,0,5,1,0,11,17
114360,69,4,136249346,2025-07-31T15:30:00.000Z,cup,54209203,0,7,2,0,35,44
114360,69,4,135019335,2025-08-01T18:00:00.000Z,pl.rs,49238059,0,0,0,1,38,39
114360,69,4,135019335,2025-08-01T18:00:00.000Z,pl.rs,49294179,10,6,5,0,0,21
114360,69,4,135019335,2025-08-01T18:00:00.000Z,pl.rs,49320295,0,0,0,31,4,35
114360,69,4,135019335,2025-08-01T18:00:00.000Z,pl.rs,49341632,0,42,0,0,0,42
114360,69,4,135019335,2025-08-01T18:00:00.000Z,pl.rs,49365906,38,0,0,0,0,38
114360,69,4,135019335,2025-08-01T18:00:00.000Z,pl.rs,49600322,0,0,4,15,6,25
114360,69,4,135019335,2025-08-01T18:00:00.000Z,pl.rs,49983596,0,0,39,0,0,39
114360,69,4,135577783,2025-08-02T15:30:00.000Z,league.rs,49238059,0,0,0,4,37,41
114360,69,4,135577783,2025-08-02T15:30:00.000Z,league.rs,49294179,15,2,6,0,0,23
114360,69,4,135577783,2025-08-02T15:30:00.000Z,league.rs,49320295,0,0,8,26,2,36
114360,69,4,135577783,2025-08-02T15:30:00.000Z,league.rs,49341632,0,29,0,0,0,29
114360,69,4,135577783,2025-08-02T15:30:00.000Z,league.rs,49365906,29,0,0,0,0,29
114360,69,4,135577783,2025-08-02T15:30:00.000Z,league.rs,49600322,0,9,5,13,4,31
114360,69,4,135577783,2025-08-02T15:30:00.000Z,league.rs,49983596,0,0,29,0,0,29
114360,69,4,135577783,2025-08-02T15:30:00.000Z,league.rs,53571950,2,6,0,3,0,11
114360,69,4,135577783,2025-08-02T15:30:00.000Z,league.rs,54209203,2,3,0,4,5,14
114360,69,5,135577793,2025-08-05T15:30:00.000Z,league.rs,49238059,1,0,0,0,38,39
114360,69,5,135577793,2025-08-05T15:30:00.000Z,league.rs,49294179,0,32,0,0,0,32
114360,69,5,135577793,2025-08-05T15:30:00.000Z,league.rs,49320295,3,3,7,22,2,37
114360,69,5,135577793,2025-08-05T15:30:00.000Z,league.rs,49365906,32,0,0,0,0,32
114360,69,5,135577793,2025-08-05T15:30:00.000Z,league.rs,49600322,1,7,10,16,5,39
114360,69,5,135577793,2025-08-05T15:30:00.000Z,league.rs,49983596,0,0,32,0,0,32
114360,69,5,135577793,2025-08-05T15:30:00.000Z,league.rs,53571950,8,6,0,1,0,15
114360,69,5,135577793,2025-08-05T15:30:00.000Z,league.rs,54209203,4,0,0,10,2,16
114360,69,5,136266357,2025-08-07T15:30:00.000Z,cup,49294179,4,30,0,0,0,34
114360,69,5,136266357,2025-08-07T15:30:00.000Z,cup,49341632,42,0,0,0,0,42
114360,69,5,136266357,2025-08-07T15:30:00.000Z,cup,49600322,0,0,0,19,6,25
114360,69,5,136266357,2025-08-07T15:30:00.000Z,cup,51241512,0,18,10,0,0,28
114360,69,5,136266357,2025-08-07T15:30:00.000Z,cup,52956465,2,0,38,0,0,40
114360,69,5,136266357,2025-08-07T15:30:00.000Z,cup,53571950,0,0,0,29,0,29
114360,69,5,136266357,2025-08-07T15:30:00.000Z,cup,53572533,0,0,0,0,12,12
114360,69,5,136266357,2025-08-07T15:30:00.000Z,cup,54209203,0,0,0,0,29,29
114360,69,5,135019342,2025-08-08T18:00:00.000Z,pl.rs,49238059,0,0,0,2,42,44
114360,69,5,135019342,2025-08-08T18:00:00.000Z,pl.rs,49294179,18,0,5,0,0,23
114360,69,5,135019342,2025-08-08T18:00:00.000Z,pl.rs,49320295,0,1,6,23,4,34
114360,69,5,135019342,2025-08-08T18:00:00.000Z,pl.rs,49341632,0,37,0,2,0,39
114360,69,5,135019342,2025-08-08T18:00:00.000Z,pl.rs,49365906,30,0,0,2,0,32
114360,69,5,135019342,2025-08-08T18:00:00.000Z,pl.rs,49600322,0,9,8,19,0,36
114360,69,5,135019342,2025-08-08T18:00:00.000Z,pl.rs,49983596,0,0,29,0,2,31
114360,69,5,135577801,2025-08-09T15:30:00.000Z,league.rs,49238059,0,0,0,2,37,39
114360,69,5,135577801,2025-08-09T15:30:00.000Z,league.rs,49294179,0,13,10,0,0,23
114360,69,5,135577801,2025-08-09T15:30:00.000Z,league.rs,49320295,0,0,2,27,2,31
114360,69,5,135577801,2025-08-09T15:30:00.000Z,league.rs,49341632,0,31,0,0,0,31
114360,69,5,135577801,2025-08-09T15:30:00.000Z,league.rs,49365906,30,0,0,0,0,30
114360,69,5,135577801,2025-08-09T15:30:00.000Z,league.rs,49600322,0,0,6,19,7,32
114360,69,5,135577801,2025-08-09T15:30:00.000Z,league.rs,49983596,0,0,30,0,0,30
114360,69,5,135577801,2025-08-09T15:30:00.000Z,league.rs,51241512,0,0,0,0,0,0
114360,69,5,135577801,2025-08-09T15:30:00.000Z,league.rs,52956465,0,4,0,0,0,4
114360,69,5,135577801,2025-08-09T15:30:00.000Z,league.rs,53571950,0,0,0,0,2,2
114360,69,5,135577801,2025-08-09T15:30:00.000Z,league.rs,54209203,18,0,0,0,0,18
114360,69,6,135577809,2025-08-12T15:30:00.000Z,league.rs,49238059,0,0,0,1,39,40
114360,69,6,135577809,2025-08-12T15:30:00.000Z,league.rs,49294179,0,14,8,0,0,22
114360,69,6,135577809,2025-08-12T15:30:00.000Z,league.rs,49320295,0,0,0,32,0,32
114360,69,6,135577809,2025-08-12T15:30:00.000Z,league.rs,49341632,0,30,0,0,0,30
114360,69,6,135577809,2025-08-12T15:30:00.000Z,league.rs,49365906,30,0,0,0,0,30
114360,69,6,135577809,2025-08-12T15:30:00.000Z,league.rs,49600322,0,0,11,15,7,33
114360,69,6,135577809,2025-08-12T15:30:00.000Z,league.rs,49983596,0,0,29,0,0,29
114360,69,6,135577809,2025-08-12T15:30:00.000Z,league.rs,51241512,0,0,0,0,0,0
114360,69,6,135577809,2025-08-12T15:30:00.000Z,league.rs,52956465,0,3,0,0,0,3
114360,69,6,135577809,2025-08-12T15:30:00.000Z,league.rs,53571950,0,0,0,0,1,1
114360,69,6,135577809,2025-08-12T15:30:00.000Z,league.rs,54209203,18,0,0,0,0,18
114360,69,6,136280209,2025-08-14T15:30:00.000Z,cup,49294179,0,0,38,0,0,38
114360,69,6,136280209,2025-08-14T15:30:00.000Z,cup,49320295,0,0,0,34,0,34
114360,69,6,136280209,2025-08-14T15:30:00.000Z,cup,49341632,0,38,0,0,0,38
114360,69,6,136280209,2025-08-14T15:30:00.000Z,cup,49365906,38,0,0,0,0,38
114360,69,6,136280209,2025-08-14T15:30:00.000Z,cup,49600322,0,0,0,14,0,14
114360,69,6,136280209,2025-08-14T15:30:00.000Z,cup,49983596,0,0,0,0,38,38
114360,69,6,136280209,2025-08-14T15:30:00.000Z,cup,51241512,0,10,0,0,0,10
114360,69,6,136280209,2025-08-14T15:30:00.000Z,cup,52956465,0,0,10,0,0,10
114360,69,6,136280209,2025-08-14T15:30:00.000Z,cup,53571950,10,0,0,0,0,10
114360,69,6,136280209,2025-08-14T15:30:00.000Z,cup,54209203,0,0,0,0,10,10
114360,69,6,135019349,2025-08-15T18:00:00.000Z,pl.rs,49238059,0,0,0,2,36,38
114360,69,6,135019349,2025-08-15T18:00:00.000Z,pl.rs,49294179,8,3,5,0,0,16
114360,69,6,135019349,2025-08-15T18:00:00.000Z,pl.rs,49320295,0,0,0,31,2,33
114360,69,6,135019349,2025-08-15T18:00:00.000Z,pl.rs,49341632,0,41,0,0,0,41
114360,69,6,135019349,2025-08-15T18:00:00.000Z,pl.rs,49365906,40,0,0,0,0,40
114360,69,6,135019349,2025-08-15T18:00:00.000Z,pl.rs,49600322,0,5,4,15,10,34
114360,69,6,135019349,2025-08-15T18:00:00.000Z,pl.rs,49983596,0,0,39,0,0,39
114360,69,6,135577817,2025-08-16T15:30:00.000Z,league.rs,49238059,0,0,0,0,29,29
114360,69,6,135577817,2025-08-16T15:30:00.000Z,league.rs,49294179,0,28,0,0,0,28
114360,69,6,135577817,2025-08-16T15:30:00.000Z,league.rs,49320295,0,0,0,1,19,20
114360,69,6,135577817,2025-08-16T15:30:00.000Z,league.rs,49341632,8,0,25,0,0,33
114360,69,6,135577817,2025-08-16T15:30:00.000Z,league.rs,49365906,27,0,0,0,0,27
114360,69,6,135577817,2025-08-16T15:30:00.000Z,league.rs,49533852,0,20,0,0,0,20
114360,69,6,135577817,2025-08-16T15:30:00.000Z,league.rs,49600322,0,0,0,30,0,30
114360,69,6,135577817,2025-08-16T15:30:00.000Z,league.rs,49983596,0,0,23,0,0,23
114360,69,6,135577817,2025-08-16T15:30:00.000Z,league.rs,51241512,13,0,0,0,0,13
114360,69,6,135577817,2025-08-16T15:30:00.000Z,league.rs,54209203,0,0,0,17,0,17
114360,69,7,135577825,2025-08-19T15:30:00.000Z,league.rs,49238059,0,0,0,0,42,42
114360,69,7,135577825,2025-08-19T15:30:00.000Z,league.rs,49294179,0,36,0,0,0,36
114360,69,7,135577825,2025-08-19T15:30:00.000Z,league.rs,49320295,0,0,0,0,6,6
114360,69,7,135577825,2025-08-19T15:30:00.000Z,league.rs,49341632,15,0,0,0,0,15
114360,69,7,135577825,2025-08-19T15:30:00.000Z,league.rs,49365906,33,0,0,0,0,33
114360,69,7,135577825,2025-08-19T15:30:00.000Z,league.rs,49533852,0,12,0,0,0,12
114360,69,7,135577825,2025-08-19T15:30:00.000Z,league.rs,49600322,0,0,0,42,0,42
114360,69,7,135577825,2025-08-19T15:30:00.000Z,league.rs,49983596,0,0,40,0,0,40
114360,69,7,135577825,2025-08-19T15:30:00.000Z,league.rs,51241512,0,0,8,0,0,8
114360,69,7,135577825,2025-08-19T15:30:00.000Z,league.rs,54209203,0,0,0,6,0,6
114360,69,7,136294368,2025-08-21T15:30:00.000Z,cup,49294179,0,18,0,0,0,18
114360,69,7,136294368,2025-08-21T15:30:00.000Z,cup,49320295,0,0,0,41,0,41
114360,69,7,136294368,2025-08-21T15:30:00.000Z,cup,49341632,28,0,0,4,0,32
114360,69,7,136294368,2025-08-21T15:30:00.000Z,cup,49365906,20,0,0,3,0,23
114360,69,7,136294368,2025-08-21T15:30:00.000Z,cup,49533852,0,30,0,0,0,30
114360,69,7,136294368,2025-08-21T15:30:00.000Z,cup,49983596,0,0,0,0,26,26
114360,69,7,136294368,2025-08-21T15:30:00.000Z,cup,51241512,0,0,29,0,0,29
114360,69,7,136294368,2025-08-21T15:30:00.000Z,cup,52956465,0,0,19,0,0,19
114360,69,7,136294368,2025-08-21T15:30:00.000Z,cup,54209203,0,0,0,0,22,22
114360,69,7,135019356,2025-08-22T18:00:00.000Z,pl.rs,49238059,0,0,0,0,41,41
114360,69,7,135019356,2025-08-22T18:00:00.000Z,pl.rs,49294179,14,3,8,0,0,25
114360,69,7,135019356,2025-08-22T18:00:00.000Z,pl.rs,49320295,0,0,3,28,2,33
114360,69,7,135019356,2025-08-22T18:00:00.000Z,pl.rs,49341632,0,38,0,0,0,38
114360,69,7,135019356,2025-08-22T18:00:00.000Z,pl.rs,49365906,34,0,0,0,0,34
114360,69,7,135019356,2025-08-22T18:00:00.000Z,pl.rs,49600322,0,7,1,20,5,33
114360,69,7,135019356,2025-08-22T18:00:00.000Z,pl.rs,49983596,0,0,35,0,0,35
114360,69,7,135577833,2025-08-23T15:30:00.000Z,league.rs,49238059,0,0,0,0,30,30
114360,69,7,135577833,2025-08-23T15:30:00.000Z,league.rs,49294179,0,0,18,0,0,18
114360,69,7,135577833,2025-08-23T15:30:00.000Z,league.rs,49320295,0,0,0,0,18,18
114360,69,7,135577833,2025-08-23T15:30:00.000Z,league.rs,49341632,0,29,0,0,0,29
114360,69,7,135577833,2025-08-23T15:30:00.000Z,league.rs,49365906,30,0,0,0,0,30
114360,69,7,135577833,2025-08-23T15:30:00.000Z,league.rs,49533852,18,0,0,0,0,18
114360,69,7,135577833,2025-08-23T15:30:00.000Z,league.rs,49600322,0,0,0,30,0,30
114360,69,7,135577833,2025-08-23T15:30:00.000Z,league.rs,49983596,0,0,30,0,0,30
114360,69,7,135577833,2025-08-23T15:30:00.000Z,league.rs,51241512,0,19,0,0,0,19
114360,69,7,135577833,2025-08-23T15:30:00.000Z,league.rs,54209203,0,0,0,18,0,18
114360,69,8,136307974,2025-08-26T15:30:00.000Z,cup,49238059,40,0,0,0,0,40
114360,69,8,136307974,2025-08-26T15:30:00.000Z,cup,49294179,0,0,9,7,0,16
114360,69,8,136307974,2025-08-26T15:30:00.000Z,cup,49320295,7,0,0,0,9,16
114360,69,8,136307974,2025-08-26T15:30:00.000Z,cup,49341632,0,0,0,41,0,41
114360,69,8,136307974,2025-08-26T15:30:00.000Z,cup,49365906,0,0,39,0,0,39
114360,69,8,136307974,2025-08-26T15:30:00.000Z,cup,49533852,0,11,0,0,0,11
114360,69,8,136307974,2025-08-26T15:30:00.000Z,cup,49600322,0,0,0,0,39,39
114360,69,8,136307974,2025-08-26T15:30:00.000Z,cup,49983596,0,37,0,0,0,37
114360,69,8,136307974,2025-08-26T15:30:00.000Z,cup,54209203,1,0,0,0,0,1
114360,69,8,136313934,2025-08-28T17:35:00.000Z,friendly,49294179,0,0,45,0,0,45
114360,69,8,136313934,2025-08-28T17:35:00.000Z,friendly,49320295,0,0,2,31,0,33
114360,69,8,136313934,2025-08-28T17:35:00.000Z,friendly,49533852,38,0,0,0,0,38
114360,69,8,136313934,2025-08-28T17:35:00.000Z,friendly,51241512,0,33,0,0,0,33
114360,69,8,136313934,2025-08-28T17:35:00.000Z,friendly,52956465,10,15,1,0,0,26
114360,69,8,136313934,2025-08-28T17:35:00.000Z,friendly,53571950,0,0,0,17,1,18
114360,69,8,136313934,2025-08-28T17:35:00.000Z,friendly,54208611,0,0,0,0,11,11
114360,69,8,136313934,2025-08-28T17:35:00.000Z,friendly,54209203,0,0,0,0,36,36
114360,69,8,135019365,2025-08-29T18:00:00.000Z,pl.rs,49238059,0,0,0,0,40,40
114360,69,8,135019365,2025-08-29T18:00:00.000Z,pl.rs,49294179,18,0,0,0,0,18
114360,69,8,135019365,2025-08-29T18:00:00.000Z,pl.rs,49320295,0,0,0,25,7,32
114360,69,8,135019365,2025-08-29T18:00:00.000Z,pl.rs,49341632,0,30,0,0,0,30
114360,69,8,135019365,2025-08-29T18:00:00.000Z,pl.rs,49365906,30,0,0,0,0,30
114360,69,8,135019365,2025-08-29T18:00:00.000Z,pl.rs,49533852,0,18,7,0,0,25
114360,69,8,135019365,2025-08-29T18:00:00.000Z,pl.rs,49600322,0,0,13,22,1,36
114360,69,8,135019365,2025-08-29T18:00:00.000Z,pl.rs,49983596,0,0,28,0,0,28
114360,69,8,135577841,2025-08-30T15:30:00.000Z,league.rs.tv,49238059,0,0,0,0,40,40
114360,69,8,135577841,2025-08-30T15:30:00.000Z,league.rs.tv,49294179,15,0,0,0,0,15
114360,69,8,135577841,2025-08-30T15:30:00.000Z,league.rs.tv,49320295,0,0,0,30,7,37
114360,69,8,135577841,2025-08-30T15:30:00.000Z,league.rs.tv,49341632,0,32,0,0,0,32
114360,69,8,135577841,2025-08-30T15:30:00.000Z,league.rs.tv,49365906,32,0,0,0,0,32
114360,69,8,135577841,2025-08-30T15:30:00.000Z,league.rs.tv,49533852,1,16,6,0,0,23
114360,69,8,135577841,2025-08-30T15:30:00.000Z,league.rs.tv,49600322,0,0,13,18,1,32
114360,69,8,135577841,2025-08-30T15:30:00.000Z,league.rs.tv,49983596,0,0,29,0,0,29
114360,69,9,135577849,2025-09-02T15:30:00.000Z,league.rs,49238059,0,0,0,0,42,42
114360,69,9,135577849,2025-09-02T15:30:00.000Z,league.rs,49294179,8,6,0,0,0,14
114360,69,9,135577849,2025-09-02T15:30:00.000Z,league.rs,49320295,6,0,0,23,1,30
114360,69,9,135577849,2025-09-02T15:30:00.000Z,league.rs,49341632,0,29,0,0,0,29
114360,69,9,135577849,2025-09-02T15:30:00.000Z,league.rs,49365906,29,0,0,0,0,29
114360,69,9,135577849,2025-09-02T15:30:00.000Z,league.rs,49533852,5,11,14,0,0,30
114360,69,9,135577849,2025-09-02T15:30:00.000Z,league.rs,49600322,0,1,6,25,5,37
114360,69,9,135577849,2025-09-02T15:30:00.000Z,league.rs,49983596,0,0,28,0,0,28
114360,69,9,136318193,2025-09-04T17:35:00.000Z,friendly,49294179,48,0,0,0,0,48
114360,69,9,136318193,2025-09-04T17:35:00.000Z,friendly,51241512,0,0,48,0,0,48
114360,69,9,136318193,2025-09-04T17:35:00.000Z,friendly,52956465,0,48,0,0,0,48
114360,69,9,136318193,2025-09-04T17:35:00.000Z,friendly,53571950,0,0,0,48,0,48
114360,69,9,136318193,2025-09-04T17:35:00.000Z,friendly,54209203,0,0,0,0,48,48
114360,69,9,135019374,2025-09-05T18:00:00.000Z,pl.rs,49238059,36,0,0,0,0,36
114360,69,9,135019374,2025-09-05T18:00:00.000Z,pl.rs,49294179,1,0,10,2,0,13
114360,69,9,135019374,2025-09-05T18:00:00.000Z,pl.rs,49320295,11,0,0,0,11,22
114360,69,9,135019374,2025-09-05T18:00:00.000Z,pl.rs,49341632,0,0,0,40,0,40
114360,69,9,135019374,2025-09-05T18:00:00.000Z,pl.rs,49365906,0,0,32,0,0,32
114360,69,9,135019374,2025-09-05T18:00:00.000Z,pl.rs,49533852,0,13,6,6,0,25
114360,69,9,135019374,2025-09-05T18:00:00.000Z,pl.rs,49600322,0,0,0,0,37,37
114360,69,9,135019374,2025-09-05T18:00:00.000Z,pl.rs,49983596,0,35,0,0,0,35
114360,69,9,135577853,2025-09-06T15:30:00.000Z,league.rs,49238059,0,0,0,0,38,38
114360,69,9,135577853,2025-09-06T15:30:00.000Z,league.rs,49294179,12,0,0,0,0,12
114360,69,9,135577853,2025-09-06T15:30:00.000Z,league.rs,49320295,0,0,0,31,3,34
114360,69,9,135577853,2025-09-06T15:30:00.000Z,league.rs,49341632,0,29,0,0,0,29
114360,69,9,135577853,2025-09-06T15:30:00.000Z,league.rs,49365906,31,0,0,0,0,31
114360,69,9,135577853,2025-09-06T15:30:00.000Z,league.rs,49533852,5,19,4,0,0,28
114360,69,9,135577853,2025-09-06T15:30:00.000Z,league.rs,49600322,0,0,12,17,3,32
114360,69,9,135577853,2025-09-06T15:30:00.000Z,league.rs,49983596,0,0,32,0,3,35
114360,69,10,135577864,2025-09-09T15:30:00.000Z,league.rs,49238059,0,0,0,0,43,43
114360,69,10,135577864,2025-09-09T15:30:00.000Z,league.rs,49294179,16,0,2,0,0,18
114360,69,10,135577864,2025-09-09T15:30:00.000Z,league.rs,49320295,0,0,0,33,4,37
114360,69,10,135577864,2025-09-09T15:30:00.000Z,league.rs,49341632,0,29,0,0,0,29
114360,69,10,135577864,2025-09-09T15:30:00.000Z,league.rs,49365906,30,0,0,0,0,30
114360,69,10,135577864,2025-09-09T15:30:00.000Z,league.rs,49533852,2,19,3,0,0,24
114360,69,10,135577864,2025-09-09T15:30:00.000Z,league.rs,49600322,0,0,14,15,1,30
114360,69,10,135577864,2025-09-09T15:30:00.000Z,league.rs,49983596,0,0,29,0,0,29
114360,69,10,136323291,2025-09-11T15:30:00.000Z,friendly,49294179,45,0,0,0,0,45
114360,69,10,136323291,2025-09-11T15:30:00.000Z,friendly,49341632,0,40,0,0,0,40
114360,69,10,136323291,2025-09-11T15:30:00.000Z,friendly,49533852,3,0,39,0,0,42
114360,69,10,136323291,2025-09-11T15:30:00.000Z,friendly,51241512,0,8,0,0,0,8
114360,69,10,136323291,2025-09-11T15:30:00.000Z,friendly,52956465,0,0,9,0,0,9
114360,69,10,136323291,2025-09-11T15:30:00.000Z,friendly,53571950,0,0,0,0,30,30
114360,69,10,136323291,2025-09-11T15:30:00.000Z,friendly,53572533,0,0,0,0,18,18
114360,69,10,136323291,2025-09-11T15:30:00.000Z,friendly,54209203,0,0,0,48,0,48
114360,69,10,135019383,2025-09-12T18:00:00.000Z,pl.rs,49238059,0,0,0,0,38,38
114360,69,10,135019383,2025-09-12T18:00:00.000Z,pl.rs,49294179,4,0,0,2,0,6
114360,69,10,135019383,2025-09-12T18:00:00.000Z,pl.rs,49320295,0,0,0,20,7,27
114360,69,10,135019383,2025-09-12T18:00:00.000Z,pl.rs,49341632,0,38,0,0,0,38
114360,69,10,135019383,2025-09-12T18:00:00.000Z,pl.rs,49365906,41,0,0,0,0,41
114360,69,10,135019383,2025-09-12T18:00:00.000Z,pl.rs,49533852,3,10,8,0,0,21
114360,69,10,135019383,2025-09-12T18:00:00.000Z,pl.rs,49600322,0,0,0,26,3,29
114360,69,10,135019383,2025-09-12T18:00:00.000Z,pl.rs,49983596,0,0,40,0,0,40
114360,69,10,135577871,2025-09-13T15:30:00.000Z,league.rs,49238059,0,0,0,0,40,40
114360,69,10,135577871,2025-09-13T15:30:00.000Z,league.rs,49294179,7,7,0,0,0,14
114360,69,10,135577871,2025-09-13T15:30:00.000Z,league.rs,49320295,7,0,0,27,2,36
114360,69,10,135577871,2025-09-13T15:30:00.000Z,league.rs,49341632,0,31,0,0,0,31
114360,69,10,135577871,2025-09-13T15:30:00.000Z,league.rs,49365906,31,0,0,0,0,31
114360,69,10,135577871,2025-09-13T15:30:00.000Z,league.rs,49533852,3,11,14,0,0,28
114360,69,10,135577871,2025-09-13T15:30:00.000Z,league.rs,49600322,0,0,7,21,6,34
114360,69,10,135577871,2025-09-13T15:30:00.000Z,league.rs,49983596,0,0,27,0,0,27
114360,69,11,135577878,2025-09-16T15:30:00.000Z,league.rs,49238059,0,0,0,1,37,38
114360,69,11,135577878,2025-09-16T15:30:00.000Z,league.rs,49294179,16,0,0,0,0,16
114360,69,11,135577878,2025-09-16T15:30:00.000Z,league.rs,49320295,0,0,1,32,4,37
114360,69,11,135577878,2025-09-16T15:30:00.000Z,league.rs,49341632,0,29,0,0,0,29
114360,69,11,135577878,2025-09-16T15:30:00.000Z,league.rs,49365906,28,0,0,0,0,28
114360,69,11,135577878,2025-09-16T15:30:00.000Z,league.rs,49533852,5,19,7,0,0,31
114360,69,11,135577878,2025-09-16T15:30:00.000Z,league.rs,49600322,0,0,13,15,8,36
114360,69,11,135577878,2025-09-16T15:30:00.000Z,league.rs,49983596,0,0,28,0,0,28
114360,69,11,136331610,2025-09-18T16:00:00.000Z,friendly,49294179,48,0,0,0,0,48
114360,69,11,136331610,2025-09-18T16:00:00.000Z,friendly,51241512,0,0,48,0,0,48
114360,69,11,136331610,2025-09-18T16:00:00.000Z,friendly,52956465,0,48,0,0,0,48
114360,69,11,136331610,2025-09-18T16:00:00.000Z,friendly,53571950,0,0,0,48,0,48
114360,69,11,136331610,2025-09-18T16:00:00.000Z,friendly,54209203,0,0,0,0,48,48
114360,69,11,135019392,2025-09-19T18:00:00.000Z,pl.rs,49238059,0,0,0,0,42,42
114360,69,11,135019392,2025-09-19T18:00:00.000Z,pl.rs,49294179,14,0,0,2,0,16
114360,69,11,135019392,2025-09-19T18:00:00.000Z,pl.rs,49320295,0,0,0,31,4,35
114360,69,11,135019392,2025-09-19T18:00:00.000Z,pl.rs,49341632,0,31,0,0,0,31
114360,69,11,135019392,2025-09-19T18:00:00.000Z,pl.rs,49365906,30,0,0,0,0,30
114360,69,11,135019392,2025-09-19T18:00:00.000Z,pl.rs,49533852,4,17,5,0,0,26
114360,69,11,135019392,2025-09-19T18:00:00.000Z,pl.rs,49600322,0,0,13,15,2,30
114360,69,11,135019392,2025-09-19T18:00:00.000Z,pl.rs,49983596,0,0,30,0,0,30
114360,69,11,135577887,2025-09-20T15:30:00.000Z,league.rs.tv,49238059,0,0,0,0,37,37
114360,69,11,135577887,2025-09-20T15:30:00.000Z,league.rs.tv,49294179,2,0,0,0,0,2
114360,69,11,135577887,2025-09-20T15:30:00.000Z,league.rs.tv,49320295,0,0,0,30,3,33
114360,69,11,135577887,2025-09-20T15:30:00.000Z,league.rs.tv,49341632,0,41,0,0,0,41
114360,69,11,135577887,2025-09-20T15:30:00.000Z,league.rs.tv,49365906,41,0,0,0,0,41
114360,69,11,135577887,2025-09-20T15:30:00.000Z,league.rs.tv,49533852,6,7,12,0,0,25
114360,69,11,135577887,2025-09-20T15:30:00.000Z,league.rs.tv,49600322,0,0,0,18,8,26
114360,69,11,135577887,2025-09-20T15:30:00.000Z,league.rs.tv,49983596,0,0,35,0,0,35
114360,69,12,135577895,2025-09-23T15:30:00.000Z,league.rs,49238059,0,0,0,0,43,43
114360,69,12,135577895,2025-09-23T15:30:00.000Z,league.rs,49294179,11,0,3,8,0,22
114360,69,12,135577895,2025-09-23T15:30:00.000Z,league.rs,49320295,0,0,0,4,0,4
114360,69,12,135577895,2025-09-23T15:30:00.000Z,league.rs,49341632,0,28,0,8,0,36
114360,69,12,135577895,2025-09-23T15:30:00.000Z,league.rs,49365906,34,0,0,2,0,36
114360,69,12,135577895,2025-09-23T15:30:00.000Z,league.rs,49533852,3,20,6,2,0,31
114360,69,12,135577895,2025-09-23T15:30:00.000Z,league.rs,49600322,0,0,10,23,5,38
114360,69,12,135577895,2025-09-23T15:30:00.000Z,league.rs,49983596,0,0,28,0,0,28
114360,69,12,136336792,2025-09-25T23:00:00.000Z,friendly,49294179,53,0,0,0,0,53
114360,69,12,136336792,2025-09-25T23:00:00.000Z,friendly,51241512,0,0,53,0,0,53
114360,69,12,136336792,2025-09-25T23:00:00.000Z,friendly,52956465,0,53,0,0,0,53
114360,69,12,136336792,2025-09-25T23:00:00.000Z,friendly,53571950,0,0,0,53,0,53
114360,69,12,136336792,2025-09-25T23:00:00.000Z,friendly,54209203,0,0,0,0,53,53
114360,69,12,136334340,2025-09-26T18:00:00.000Z,pl.semifinal,49238059,0,0,0,0,43,43
114360,69,12,136334340,2025-09-26T18:00:00.000Z,pl.semifinal,49294179,13,0,2,2,0,17
114360,69,12,136334340,2025-09-26T18:00:00.000Z,pl.semifinal,49341632,0,36,0,1,0,37
114360,69,12,136334340,2025-09-26T18:00:00.000Z,pl.semifinal,49365906,31,0,0,3,0,34
114360,69,12,136334340,2025-09-26T18:00:00.000Z,pl.semifinal,49533852,4,8,15,6,0,33
114360,69,12,136334340,2025-09-26T18:00:00.000Z,pl.semifinal,49600322,0,0,3,36,5,44
114360,69,12,136334340,2025-09-26T18:00:00.000Z,pl.semifinal,49983596,0,3,28,0,0,31
114360,69,12,135577903,2025-09-27T15:30:00.000Z,league.rs,49238059,0,0,0,15,27,42
114360,69,12,135577903,2025-09-27T15:30:00.000Z,league.rs,49294179,19,6,2,0,0,27
114360,69,12,135577903,2025-09-27T15:30:00.000Z,league.rs,49341632,0,0,30,0,0,30
114360,69,12,135577903,2025-09-27T15:30:00.000Z,league.rs,49365906,29,0,0,0,2,31
114360,69,12,135577903,2025-09-27T15:30:00.000Z,league.rs,49533852,0,40,0,0,0,40
114360,69,12,135577903,2025-09-27T15:30:00.000Z,league.rs,49600322,0,0,3,33,2,38
114360,69,12,135577903,2025-09-27T15:30:00.000Z,league.rs,49983596,0,2,13,0,17,32
114360,69,13,136366400,2025-09-30T15:30:00.000Z,league.quarterfinal,49238059,0,0,0,0,34,34
114360,69,13,136366400,2025-09-30T15:30:00.000Z,league.quarterfinal,49294179,9,4,0,0,0,13
114360,69,13,136366400,2025-09-30T15:30:00.000Z,league.quarterfinal,49341632,0,40,0,0,0,40
114360,69,13,136366400,2025-09-30T15:30:00.000Z,league.quarterfinal,49365906,35,2,0,0,0,37
114360,69,13,136366400,2025-09-30T15:30:00.000Z,league.quarterfinal,49533852,3,2,14,0,0,19
114360,69,13,136366400,2025-09-30T15:30:00.000Z,league.quarterfinal,49600322,0,0,0,37,0,37
114360,69,13,136366400,2025-09-30T15:30:00.000Z,league.quarterfinal,49983596,0,0,34,0,0,34
114360,69,13,136366400,2025-09-30T15:30:00.000Z,league.quarterfinal,53571950,2,0,0,11,0,13
114360,69,13,136366400,2025-09-30T15:30:00.000Z,league.quarterfinal,54209203,0,0,0,0,14,14
114360,69,13,136407372,2025-10-02T15:30:00.000Z,friendly,49294179,0,42,1,0,0,43
114360,69,13,136407372,2025-10-02T15:30:00.000Z,friendly,49320295,0,0,0,0,46,46
114360,69,13,136407372,2025-10-02T15:30:00.000Z,friendly,51241512,1,6,1,0,1,9
114360,69,13,136407372,2025-10-02T15:30:00.000Z,friendly,52956465,0,0,45,0,0,45
114360,69,13,136407372,2025-10-02T15:30:00.000Z,friendly,53571950,47,0,0,0,1,48
114360,69,13,136407372,2025-10-02T15:30:00.000Z,friendly,54209203,0,0,0,48,0,48
114360,69,13,136340687,2025-10-03T18:00:00.000Z,pl.final,49238059,0,0,0,0,40,40
114360,69,13,136340687,2025-10-03T18:00:00.000Z,pl.final,49294179,16,0,2,0,0,18
114360,69,13,136340687,2025-10-03T18:00:00.000Z,pl.final,49320295,0,0,0,32,8,40
114360,69,13,136340687,2025-10-03T18:00:00.000Z,pl.final,49341632,0,27,0,0,0,27
114360,69,13,136340687,2025-10-03T18:00:00.000Z,pl.final,49365906,28,0,0,0,0,28
114360,69,13,136340687,2025-10-03T18:00:00.000Z,pl.final,49533852,4,21,4,0,0,29
114360,69,13,136340687,2025-10-03T18:00:00.000Z,pl.final,49600322,0,0,15,16,0,31
114360,69,13,136340687,2025-10-03T18:00:00.000Z,pl.final,49983596,0,0,27,0,0,27
114360,69,13,136426227,2025-10-04T15:30:00.000Z,league.semifinal,49238059,0,0,0,0,45,45
114360,69,13,136426227,2025-10-04T15:30:00.000Z,league.semifinal,49294179,3,0,0,0,0,3
114360,69,13,136426227,2025-10-04T15:30:00.000Z,league.semifinal,49320295,0,0,0,31,3,34
114360,69,13,136426227,2025-10-04T15:30:00.000Z,league.semifinal,49341632,0,0,49,0,0,49
114360,69,13,136426227,2025-10-04T15:30:00.000Z,league.semifinal,49365906,49,0,0,0,0,49
114360,69,13,136426227,2025-10-04T15:30:00.000Z,league.semifinal,49533852,0,48,0,0,0,48
114360,69,13,136426227,2025-10-04T15:30:00.000Z,league.semifinal,49600322,0,1,0,27,5,33
114360,69,13,136426227,2025-10-04T15:30:00.000Z,league.semifinal,49983596,6,9,9,0,6,30
114360,69,14,136466585,2025-10-07T15:30:00.000Z,league.final,49238059,0,0,0,0,42,42
114360,69,14,136466585,2025-10-07T15:30:00.000Z,league.final,49294179,0,1,9,0,0,10
114360,69,14,136466585,2025-10-07T15:30:00.000Z,league.final,49320295,0,0,0,32,0,32
114360,69,14,136466585,2025-10-07T15:30:00.000Z,league.final,49341632,0,42,0,0,0,42
114360,69,14,136466585,2025-10-07T15:30:00.000Z,league.final,49365906,42,0,0,0,0,42
114360,69,14,136466585,2025-10-07T15:30:00.000Z,league.final,49533852,6,5,0,0,0,11
114360,69,14,136466585,2025-10-07T15:30:00.000Z,league.final,49600322,0,0,0,16,6,22
114360,69,14,136466585,2025-10-07T15:30:00.000Z,league.final,49983596,0,0,39,0,0,39
114360,69,14,136466585,2025-10-07T15:30:00.000Z,league.final,54209203,0,0,0,0,0,0
114360,69,14,136504111,2025-10-09T23:00:00.000Z,friendly,49294179,0,37,0,0,11,48
114360,69,14,136504111,2025-10-09T23:00:00.000Z,friendly,51241512,3,11,0,0,34,48
114360,69,14,136504111,2025-10-09T23:00:00.000Z,friendly,52956465,0,0,48,0,0,48
114360,69,14,136504111,2025-10-09T23:00:00.000Z,friendly,53571950,45,0,0,0,3,48
114360,69,14,136504111,2025-10-09T23:00:00.000Z,friendly,54209203,0,0,0,48,0,48
114360,69,14,136504602,2025-10-10T17:00:00.000Z,pl.rs,49238059,0,0,0,0,32,32
114360,69,14,136504602,2025-10-10T17:00:00.000Z,pl.rs,49294179,16,0,0,0,0,16
114360,69,14,136504602,2025-10-10T17:00:00.000Z,pl.rs,49320295,0,0,1,32,1,34
114360,69,14,136504602,2025-10-10T17:00:00.000Z,pl.rs,49341632,0,30,0,0,1,31
114360,69,14,136504602,2025-10-10T17:00:00.000Z,pl.rs,49365906,18,0,0,0,0,18
114360,69,14,136504602,2025-10-10T17:00:00.000Z,pl.rs,49533852,14,18,4,0,0,36
114360,69,14,136504602,2025-10-10T17:00:00.000Z,pl.rs,49600322,0,0,13,16,6,35
114360,69,14,136504602,2025-10-10T17:00:00.000Z,pl.rs,49983596,0,0,31,0,8,39
114360,69,14,136466586,2025-10-11T15:30:00.000Z,league.final,49238059,42,0,0,0,0,42
114360,69,14,136466586,2025-10-11T15:30:00.000Z,league.final,49294179,0,0,0,0,5,5
114360,69,14,136466586,2025-10-11T15:30:00.000Z,league.final,49320295,6,0,0,10,0,16
114360,69,14,136466586,2025-10-11T15:30:00.000Z,league.final,49341632,0,0,0,0,40,40
114360,69,14,136466586,2025-10-11T15:30:00.000Z,league.final,49365906,0,0,39,0,0,39
114360,69,14,136466586,2025-10-11T15:30:00.000Z,league.final,49533852,0,14,9,0,3,26
114360,69,14,136466586,2025-10-11T15:30:00.000Z,league.final,49600322,0,0,0,38,0,38
114360,69,14,136466586,2025-10-11T15:30:00.000Z,league.final,49983596,0,34,0,0,0,34
114360,69,14,136466587,2025-10-12T15:30:00.000Z,league.final,49238059,0,0,0,0,40,40
114360,69,14,136466587,2025-10-12T15:30:00.000Z,league.final,49294179,6,8,0,0,0,14
114360,69,14,136466587,2025-10-12T15:30:00.000Z,league.final,49320295,8,0,0,22,5,35
114360,69,14,136466587,2025-10-12T15:30:00.000Z,league.final,49341632,0,30,0,0,0,30
114360,69,14,136466587,2025-10-12T15:30:00.000Z,league.final,49365906,28,0,0,0,0,28
114360,69,14,136466587,2025-10-12T15:30:00.000Z,league.final,49533852,6,9,13,0,0,28
114360,69,14,136466587,2025-10-12T15:30:00.000Z,league.final,49600322,0,1,6,26,3,36
114360,69,14,136466587,2025-10-12T15:30:00.000Z,league.final,49983596,0,0,29,0,0,29
114360,70,1,136510171,2025-10-16T14:30:00.000Z,friendly,49238059,0,0,0,0,35,35
114360,70,1,136510171,2025-10-16T14:30:00.000Z,friendly,49294179,0,0,0,0,0,0
114360,70,1,136510171,2025-10-16T14:30:00.000Z,friendly,49320295,0,0,0,21,3,24
114360,70,1,136510171,2025-10-16T14:30:00.000Z,friendly,49341632,0,0,0,24,1,25
114360,70,1,136510171,2025-10-16T14:30:00.000Z,friendly,49365906,41,0,0,0,0,41
114360,70,1,136510171,2025-10-16T14:30:00.000Z,friendly,49533852,7,0,9,0,0,16
114360,70,1,136510171,2025-10-16T14:30:00.000Z,friendly,49600322,0,0,0,3,9,12
114360,70,1,136510171,2025-10-16T14:30:00.000Z,friendly,49983596,0,0,39,0,0,39
114360,70,1,136510171,2025-10-16T14:30:00.000Z,friendly,55135481,0,48,0,0,0,48
114360,70,1,136504611,2025-10-17T17:00:00.000Z,pl.rs,49238059,0,0,0,1,38,39
114360,70,1,136504611,2025-10-17T17:00:00.000Z,pl.rs,49294179,5,0,0,11,0,16
114360,70,1,136504611,2025-10-17T17:00:00.000Z,pl.rs,49320295,0,0,0,28,7,35
114360,70,1,136504611,2025-10-17T17:00:00.000Z,pl.rs,49365906,41,0,0,0,0,41
114360,70,1,136504611,2025-10-17T17:00:00.000Z,pl.rs,49533852,2,7,13,4,0,26
114360,70,1,136504611,2025-10-17T17:00:00.000Z,pl.rs,49600322,0,0,0,4,0,4
114360,70,1,136504611,2025-10-17T17:00:00.000Z,pl.rs,49983596,0,0,35,0,3,38
114360,70,1,136504611,2025-10-17T17:00:00.000Z,pl.rs,51390841,0,41,0,0,0,41
114360,70,1,136891918,2025-10-18T15:30:00.000Z,league.rs,49238059,0,0,0,2,36,38
114360,70,1,136891918,2025-10-18T15:30:00.000Z,league.rs,49294179,1,0,0,0,0,1
114360,70,1,136891918,2025-10-18T15:30:00.000Z,league.rs,49320295,0,0,0,20,7,27
114360,70,1,136891918,2025-10-18T15:30:00.000Z,league.rs,49365906,40,0,0,0,0,40
114360,70,1,136891918,2025-10-18T15:30:00.000Z,league.rs,49533852,7,8,10,0,0,25
114360,70,1,136891918,2025-10-18T15:30:00.000Z,league.rs,49600322,0,0,0,26,4,30
114360,70,1,136891918,2025-10-18T15:30:00.000Z,league.rs,49983596,0,0,38,0,0,38
114360,70,1,136891918,2025-10-18T15:30:00.000Z,league.rs,51390841,0,40,0,0,0,40
114360,70,2,136891925,2025-10-21T15:30:00.000Z,league.rs,49238059,0,0,0,5,32,37
114360,70,2,136891925,2025-10-21T15:30:00.000Z,league.rs,49294179,7,0,0,0,0,7
114360,70,2,136891925,2025-10-21T15:30:00.000Z,league.rs,49320295,0,0,0,14,10,24
114360,70,2,136891925,2025-10-21T15:30:00.000Z,league.rs,49365906,39,0,0,0,0,39
114360,70,2,136891925,2025-10-21T15:30:00.000Z,league.rs,49533852,2,9,14,1,0,26
114360,70,2,136891925,2025-10-21T15:30:00.000Z,league.rs,49600322,0,0,0,27,5,32
114360,70,2,136891925,2025-10-21T15:30:00.000Z,league.rs,49983596,0,0,34,0,0,34
114360,70,2,136891925,2025-10-21T15:30:00.000Z,league.rs,51390841,0,39,0,0,0,39
114360,70,2,136892140,2025-10-23T15:30:00.000Z,cup,52956465,0,0,48,0,0,48
114360,70,2,136892140,2025-10-23T15:30:00.000Z,cup,54208611,0,0,0,48,0,48
114360,70,2,136892140,2025-10-23T15:30:00.000Z,cup,54209203,0,0,0,0,48,48
114360,70,2,136892140,2025-10-23T15:30:00.000Z,cup,55135479,0,48,0,0,0,48
114360,70,2,136892140,2025-10-23T15:30:00.000Z,cup,55135481,48,0,0,0,0,48
114360,70,2,136504620,2025-10-24T17:00:00.000Z,pl.rs,49238059,0,0,0,1,47,48
114360,70,2,136504620,2025-10-24T17:00:00.000Z,pl.rs,49320295,8,7,0,33,0,48
114360,70,2,136504620,2025-10-24T17:00:00.000Z,pl.rs,49365906,36,0,0,0,0,36
114360,70,2,136504620,2025-10-24T17:00:00.000Z,pl.rs,49600322,0,33,0,14,1,48
114360,70,2,136504620,2025-10-24T17:00:00.000Z,pl.rs,49983596,0,0,48,0,0,48
114360,70,2,136891932,2025-10-25T15:30:00.000Z,league.rs,49238059,0,0,0,2,33,35
114360,70,2,136891932,2025-10-25T15:30:00.000Z,league.rs,49320295,0,0,0,19,13,32
114360,70,2,136891932,2025-10-25T15:30:00.000Z,league.rs,49365906,30,0,0,0,0,30
114360,70,2,136891932,2025-10-25T15:30:00.000Z,league.rs,49600322,0,2,0,27,2,31
114360,70,2,136891932,2025-10-25T15:30:00.000Z,league.rs,49983596,0,0,31,0,0,31
114360,70,2,136891932,2025-10-25T15:30:00.000Z,league.rs,51390841,0,31,0,0,0,31
114360,70,2,136891932,2025-10-25T15:30:00.000Z,league.rs,54209203,0,0,17,0,0,17
114360,70,2,136891932,2025-10-25T15:30:00.000Z,league.rs,55135479,0,15,0,0,0,15
114360,70,2,136891932,2025-10-25T15:30:00.000Z,league.rs,55135481,18,0,0,0,0,18
114360,70,3,136891943,2025-10-28T15:30:00.000Z,league.rs,49238059,0,2,0,0,39,41
114360,70,3,136891943,2025-10-28T15:30:00.000Z,league.rs,49320295,0,0,0,31,1,32
114360,70,3,136891943,2025-10-28T15:30:00.000Z,league.rs,49365906,30,0,0,0,0,30
114360,70,3,136891943,2025-10-28T15:30:00.000Z,league.rs,49600322,0,0,0,17,9,26
114360,70,3,136891943,2025-10-28T15:30:00.000Z,league.rs,49983596,0,0,30,0,0,30
114360,70,3,136891943,2025-10-28T15:30:00.000Z,league.rs,51390841,0,33,0,0,0,33
114360,70,3,136891943,2025-10-28T15:30:00.000Z,league.rs,54209203,0,0,18,0,0,18
114360,70,3,136891943,2025-10-28T15:30:00.000Z,league.rs,55135479,0,13,0,0,0,13
114360,70,3,136891943,2025-10-28T15:30:00.000Z,league.rs,55135481,18,0,0,0,0,18
114360,70,3,137539669,2025-10-30T15:30:00.000Z,cup,51241512,0,14,0,0,0,14
114360,70,3,137539669,2025-10-30T15:30:00.000Z,cup,52956465,0,0,42,0,0,42
114360,70,3,137539669,2025-10-30T15:30:00.000Z,cup,53571950,0,0,3,13,1,17
114360,70,3,137539669,2025-10-30T15:30:00.000Z,cup,54208611,0,0,3,35,0,38
114360,70,3,137539669,2025-10-30T15:30:00.000Z,cup,54209203,0,0,0,0,47,47
114360,70,3,137539669,2025-10-30T15:30:00.000Z,cup,55135479,0,34,0,0,0,34
114360,70,3,137539669,2025-10-30T15:30:00.000Z,cup,55135481,48,0,0,0,0,48
114360,70,3,136504629,2025-10-31T17:00:00.000Z,pl.rs,49238059,0,3,0,0,38,41
114360,70,3,136504629,2025-10-31T17:00:00.000Z,pl.rs,49320295,2,0,0,28,0,30
114360,70,3,136504629,2025-10-31T17:00:00.000Z,pl.rs,49365906,30,0,0,0,0,30
114360,70,3,136504629,2025-10-31T17:00:00.000Z,pl.rs,49600322,0,0,0,20,10,30
114360,70,3,136504629,2025-10-31T17:00:00.000Z,pl.rs,49983596,0,0,29,0,0,29
114360,70,3,136504629,2025-10-31T17:00:00.000Z,pl.rs,51390841,0,30,0,0,0,30
114360,70,3,136504629,2025-10-31T17:00:00.000Z,pl.rs,54209203,0,0,19,0,0,19
114360,70,3,136504629,2025-10-31T17:00:00.000Z,pl.rs,55135479,0,15,0,0,0,15
114360,70,3,136504629,2025-10-31T17:00:00.000Z,pl.rs,55135481,17,0,0,0,0,17
114360,70,3,136891950,2025-11-01T15:30:00.000Z,league.rs.tv,49238059,0,0,0,3,34,37
114360,70,3,136891950,2025-11-01T15:30:00.000Z,league.rs.tv,49320295,0,0,0,29,4,33
114360,70,3,136891950,2025-11-01T15:30:00.000Z,league.rs.tv,49365906,42,0,0,0,0,42
114360,70,3,136891950,2025-11-01T15:30:00.000Z,league.rs.tv,49600322,0,0,0,16,10,26
114360,70,3,136891950,2025-11-01T15:30:00.000Z,league.rs.tv,49983596,0,0,38,0,0,38
114360,70,3,136891950,2025-11-01T15:30:00.000Z,league.rs.tv,51390841,0,10,0,0,0,10
114360,70,3,136891950,2025-11-01T15:30:00.000Z,league.rs.tv,54209203,0,0,10,0,0,10
114360,70,3,136891950,2025-11-01T15:30:00.000Z,league.rs.tv,55135479,0,38,0,0,0,38
114360,70,3,136891950,2025-11-01T15:30:00.000Z,league.rs.tv,55135481,6,0,0,0,0,6
114360,70,4,136891959,2025-11-04T16:30:00.000Z,league.rs,49238059,0,0,0,0,33,33
114360,70,4,136891959,2025-11-04T16:30:00.000Z,league.rs,49320295,0,0,0,27,3,30
114360,70,4,136891959,2025-11-04T16:30:00.000Z,league.rs,49365906,42,0,0,0,0,42
114360,70,4,136891959,2025-11-04T16:30:00.000Z,league.rs,49600322,0,0,0,20,12,32
114360,70,4,136891959,2025-11-04T16:30:00.000Z,league.rs,49983596,0,0,42,0,0,42
114360,70,4,136891959,2025-11-04T16:30:00.000Z,league.rs,54209203,0,0,6,0,0,6
114360,70,4,136891959,2025-11-04T16:30:00.000Z,league.rs,55135479,6,5,0,0,0,11
114360,70,4,136891959,2025-11-04T16:30:00.000Z,league.rs,55135481,0,43,0,0,0,43
114360,70,4,137562703,2025-11-06T16:30:00.000Z,cup,51241512,3,9,0,0,0,12
114360,70,4,137562703,2025-11-06T16:30:00.000Z,cup,51390841,40,0,0,0,0,40
114360,70,4,137562703,2025-11-06T16:30:00.000Z,cup,52956465,0,0,42,0,0,42
114360,70,4,137562703,2025-11-06T16:30:00.000Z,cup,53571950,0,0,6,9,0,15
114360,70,4,137562703,2025-11-06T16:30:00.000Z,cup,54208611,4,0,0,39,0,43
114360,70,4,137562703,2025-11-06T16:30:00.000Z,cup,54209203,0,0,0,0,48,48
114360,70,4,137562703,2025-11-06T16:30:00.000Z,cup,55135479,0,39,0,0,0,39
114360,70,4,136504637,2025-11-07T17:00:00.000Z,pl.rs,49238059,0,0,0,0,40,40
114360,70,4,136504637,2025-11-07T17:00:00.000Z,pl.rs,49320295,0,0,0,23,2,25
114360,70,4,136504637,2025-11-07T17:00:00.000Z,pl.rs,49365906,35,0,0,0,0,35
114360,70,4,136504637,2025-11-07T17:00:00.000Z,pl.rs,49600322,0,0,0,25,6,31
114360,70,4,136504637,2025-11-07T17:00:00.000Z,pl.rs,49983596,0,0,35,0,0,35
114360,70,4,136504637,2025-11-07T17:00:00.000Z,pl.rs,51390841,0,35,0,0,0,35
114360,70,4,136504637,2025-11-07T17:00:00.000Z,pl.rs,54209203,0,0,13,0,0,13
114360,70,4,136504637,2025-11-07T17:00:00.000Z,pl.rs,55135479,0,13,0,0,0,13
114360,70,4,136504637,2025-11-07T17:00:00.000Z,pl.rs,55135481,13,0,0,0,0,13
114360,70,4,136891967,2025-11-08T16:30:00.000Z,league.rs,49238059,0,0,0,0,40,40
114360,70,4,136891967,2025-11-08T16:30:00.000Z,league.rs,49320295,0,0,0,23,0,23
114360,70,4,136891967,2025-11-08T16:30:00.000Z,league.rs,49365906,31,0,0,0,0,31
114360,70,4,136891967,2025-11-08T16:30:00.000Z,league.rs,49600322,0,2,0,25,8,35
114360,70,4,136891967,2025-11-08T16:30:00.000Z,league.rs,49983596,0,0,30,0,0,30
114360,70,4,136891967,2025-11-08T16:30:00.000Z,league.rs,51390841,0,32,0,0,0,32
114360,70,4,136891967,2025-11-08T16:30:00.000Z,league.rs,54209203,0,0,18,0,0,18
114360,70,4,136891967,2025-11-08T16:30:00.000Z,league.rs,55135479,0,14,0,0,0,14
114360,70,4,136891967,2025-11-08T16:30:00.000Z,league.rs,55135481,17,0,0,0,0,17
114360,70,5,136891978,2025-11-11T16:30:00.000Z,league.rs,51241512,0,0,0,0,0,0
114360,70,5,136891978,2025-11-11T16:30:00.000Z,league.rs,51390841,42,0,0,0,0,42
114360,70,5,136891978,2025-11-11T16:30:00.000Z,league.rs,52956465,0,0,44,0,0,44
114360,70,5,136891978,2025-11-11T16:30:00.000Z,league.rs,53571950,0,0,4,0,0,4
114360,70,5,136891978,2025-11-11T16:30:00.000Z,league.rs,54208611,0,0,0,48,0,48
114360,70,5,136891978,2025-11-11T16:30:00.000Z,league.rs,54209203,0,0,0,0,48,48
114360,70,5,136891978,2025-11-11T16:30:00.000Z,league.rs,55135479,0,22,0,0,0,22
114360,70,5,136891978,2025-11-11T16:30:00.000Z,league.rs,55135481,6,26,0,0,0,32
114360,70,5,137579059,2025-11-13T16:30:00.000Z,cup,49238059,8,0,0,0,31,39
114360,70,5,137579059,2025-11-13T16:30:00.000Z,cup,49320295,4,0,0,25,3,32
114360,70,5,137579059,2025-11-13T16:30:00.000Z,cup,49365906,33,0,0,0,0,33
114360,70,5,137579059,2025-11-13T16:30:00.000Z,cup,49600322,0,0,0,23,13,36
114360,70,5,137579059,2025-11-13T16:30:00.000Z,cup,49983596,0,0,29,0,0,29
114360,70,5,137579059,2025-11-13T16:30:00.000Z,cup,54209203,0,0,19,0,0,19
114360,70,5,137579059,2025-11-13T16:30:00.000Z,cup,55135479,0,19,0,0,0,19
114360,70,5,137579059,2025-11-13T16:30:00.000Z,cup,55135481,2,29,0,0,0,31
114360,70,5,136504644,2025-11-14T17:00:00.000Z,pl.rs,49238059,0,0,0,4,35,39
114360,70,5,136504644,2025-11-14T17:00:00.000Z,pl.rs,49320295,0,0,0,35,1,36
114360,70,5,136504644,2025-11-14T17:00:00.000Z,pl.rs,49365906,42,0,0,0,0,42
114360,70,5,136504644,2025-11-14T17:00:00.000Z,pl.rs,49600322,0,0,0,9,7,16
114360,70,5,136504644,2025-11-14T17:00:00.000Z,pl.rs,49983596,0,0,42,0,0,42
114360,70,5,136504644,2025-11-14T17:00:00.000Z,pl.rs,51390841,0,39,0,0,0,39
114360,70,5,136504644,2025-11-14T17:00:00.000Z,pl.rs,54209203,0,0,6,0,5,11
114360,70,5,136504644,2025-11-14T17:00:00.000Z,pl.rs,55135479,0,9,0,0,0,9
114360,70,5,136504644,2025-11-14T17:00:00.000Z,pl.rs,55135481,6,0,0,0,0,6
114360,70,5,136891986,2025-11-15T16:30:00.000Z,league.rs,49238059,0,0,0,0,40,40
114360,70,5,136891986,2025-11-15T16:30:00.000Z,league.rs,49320295,1,0,0,30,0,31
114360,70,5,136891986,2025-11-15T16:30:00.000Z,league.rs,49365906,31,0,0,0,0,31
114360,70,5,136891986,2025-11-15T16:30:00.000Z,league.rs,49600322,0,2,0,18,8,28
114360,70,5,136891986,2025-11-15T16:30:00.000Z,league.rs,49983596,0,0,29,0,0,29
114360,70,5,136891986,2025-11-15T16:30:00.000Z,league.rs,51390841,0,31,0,0,0,31
114360,70,5,136891986,2025-11-15T16:30:00.000Z,league.rs,54209203,0,0,19,0,0,19
114360,70,5,136891986,2025-11-15T16:30:00.000Z,league.rs,55135479,0,15,0,0,0,15
114360,70,5,136891986,2025-11-15T16:30:00.000Z,league.rs,55135481,16,0,0,0,0,16
114360,70,6,136891994,2025-11-18T16:30:00.000Z,league.rs,49238059,0,0,0,8,35,43
114360,70,6,136891994,2025-11-18T16:30:00.000Z,league.rs,49320295,0,0,0,40,0,40
114360,70,6,136891994,2025-11-18T16:30:00.000Z,league.rs,49983596,0,0,28,0,1,29
114360,70,6,136891994,2025-11-18T16:30:00.000Z,league.rs,51390841,0,30,0,0,0,30
114360,70,6,136891994,2025-11-18T16:30:00.000Z,league.rs,54209203,0,0,20,0,12,32
114360,70,6,136891994,2025-11-18T16:30:00.000Z,league.rs,55135479,0,18,0,0,0,18
114360,70,6,136891994,2025-11-18T16:30:00.000Z,league.rs,55135481,48,0,0,0,0,48
114360,70,6,137593921,2025-11-20T16:30:00.000Z,cup,51241512,0,46,0,0,0,46
114360,70,6,137593921,2025-11-20T16:30:00.000Z,cup,52956465,0,0,42,0,0,42
114360,70,6,137593921,2025-11-20T16:30:00.000Z,cup,53571950,0,2,6,0,0,8
114360,70,6,137593921,2025-11-20T16:30:00.000Z,cup,54208611,0,0,0,48,0,48
114360,70,6,137593921,2025-11-20T16:30:00.000Z,cup,54209203,0,0,0,0,48,48
114360,70,6,137593921,2025-11-20T16:30:00.000Z,cup,55135479,48,0,0,0,0,48
114360,70,6,136504651,2025-11-21T17:00:00.000Z,pl.rs,49238059,0,0,0,11,29,40
114360,70,6,136504651,2025-11-21T17:00:00.000Z,pl.rs,49320295,0,0,0,37,1,38
114360,70,6,136504651,2025-11-21T17:00:00.000Z,pl.rs,49983596,0,0,42,0,0,42
114360,70,6,136504651,2025-11-21T17:00:00.000Z,pl.rs,51390841,0,42,0,0,0,42
114360,70,6,136504651,2025-11-21T17:00:00.000Z,pl.rs,54209203,5,0,6,0,15,26
114360,70,6,136504651,2025-11-21T17:00:00.000Z,pl.rs,55135479,2,6,0,0,3,11
114360,70,6,136504651,2025-11-21T17:00:00.000Z,pl.rs,55135481,41,0,0,0,0,41
114360,70,6,136892002,2025-11-22T16:30:00.000Z,league.rs,49238059,0,0,0,12,29,41
114360,70,6,136892002,2025-11-22T16:30:00.000Z,league.rs,49320295,0,0,0,36,2,38
114360,70,6,136892002,2025-11-22T16:30:00.000Z,league.rs,49983596,0,0,39,0,2,41
114360,70,6,136892002,2025-11-22T16:30:00.000Z,league.rs,51390841,0,40,0,0,0,40
114360,70,6,136892002,2025-11-22T16:30:00.000Z,league.rs,54209203,0,0,9,0,13,22
114360,70,6,136892002,2025-11-22T16:30:00.000Z,league.rs,55135479,0,8,0,0,2,10
114360,70,6,136892002,2025-11-22T16:30:00.000Z,league.rs,55135481,48,0,0,0,0,48
114360,70,7,136892010,2025-11-25T16:30:00.000Z,league.rs,49238059,3,0,4,2,29,38
114360,70,7,136892010,2025-11-25T16:30:00.000Z,league.rs,49320295,0,0,0,42,0,42
114360,70,7,136892010,2025-11-25T16:30:00.000Z,league.rs,49983596,0,0,41,0,0,41
114360,70,7,136892010,2025-11-25T16:30:00.000Z,league.rs,51390841,9,32,0,0,0,41
114360,70,7,136892010,2025-11-25T16:30:00.000Z,league.rs,54209203,0,0,3,4,19,26
114360,70,7,136892010,2025-11-25T16:30:00.000Z,league.rs,55135479,9,16,0,0,0,25
114360,70,7,136892010,2025-11-25T16:30:00.000Z,league.rs,55135481,27,0,0,0,0,27
114360,70,7,137612156,2025-11-27T16:55:00.000Z,friendly,49238059,4,0,0,1,34,39
114360,70,7,137612156,2025-11-27T16:55:00.000Z,friendly,49320295,0,0,0,43,0,43
114360,70,7,137612156,2025-11-27T16:55:00.000Z,friendly,49983596,0,0,47,0,0,47
114360,70,7,137612156,2025-11-27T16:55:00.000Z,friendly,51390841,8,35,0,0,0,43
114360,70,7,137612156,2025-11-27T16:55:00.000Z,friendly,54209203,0,0,1,4,14,19
114360,70,7,137612156,2025-11-27T16:55:00.000Z,friendly,55135479,35,13,0,0,0,48
114360,70,7,136504658,2025-11-28T17:00:00.000Z,pl.rs,49238059,0,0,0,0,41,41
114360,70,7,136504658,2025-11-28T17:00:00.000Z,pl.rs,49320295,0,0,0,42,0,42
114360,70,7,136504658,2025-11-28T17:00:00.000Z,pl.rs,49983596,3,0,39,0,0,42
114360,70,7,136504658,2025-11-28T17:00:00.000Z,pl.rs,51390841,0,41,0,0,0,41
114360,70,7,136504658,2025-11-28T17:00:00.000Z,pl.rs,54209203,4,0,9,6,7,26
114360,70,7,136504658,2025-11-28T17:00:00.000Z,pl.rs,55135479,41,7,0,0,0,48
114360,70,7,136892018,2025-11-29T16:30:00.000Z,league.rs,49238059,0,0,0,0,42,42
114360,70,7,136892018,2025-11-29T16:30:00.000Z,league.rs,49320295,0,0,0,41,0,41
114360,70,7,136892018,2025-11-29T16:30:00.000Z,league.rs,49983596,0,0,42,0,0,42
114360,70,7,136892018,2025-11-29T16:30:00.000Z,league.rs,51390841,0,44,0,0,0,44
114360,70,7,136892018,2025-11-29T16:30:00.000Z,league.rs,54209203,5,0,6,7,6,24
114360,70,7,136892018,2025-11-29T16:30:00.000Z,league.rs,55135479,43,4,0,0,0,47
114360,70,8,137624094,2025-12-04T20:00:00.000Z,friendly,49238059,0,0,1,0,32,33
114360,70,8,137624094,2025-12-04T20:00:00.000Z,friendly,49320295,0,0,0,42,0,42
114360,70,8,137624094,2025-12-04T20:00:00.000Z,friendly,49983596,0,0,43,0,0,43
114360,70,8,137624094,2025-12-04T20:00:00.000Z,friendly,51390841,32,2,0,0,0,34
114360,70,8,137624094,2025-12-04T20:00:00.000Z,friendly,52956465,16,0,4,0,0,20
114360,70,8,137624094,2025-12-04T20:00:00.000Z,friendly,54209203,0,0,0,6,16,22
114360,70,8,137624094,2025-12-04T20:00:00.000Z,friendly,55135479,0,46,0,0,0,46
114360,70,8,136504665,2025-12-05T17:00:00.000Z,pl.rs,49238059,3,0,0,0,38,41
114360,70,8,136504665,2025-12-05T17:00:00.000Z,pl.rs,49320295,1,0,0,40,0,41
114360,70,8,136504665,2025-12-05T17:00:00.000Z,pl.rs,49983596,0,0,42,0,0,42
114360,70,8,136504665,2025-12-05T17:00:00.000Z,pl.rs,51390841,0,43,0,0,0,43
114360,70,8,136504665,2025-12-05T17:00:00.000Z,pl.rs,54209203,1,0,6,8,10,25
114360,70,8,136504665,2025-12-05T17:00:00.000Z,pl.rs,55135479,43,5,0,0,0,48
114360,70,8,136892026,2025-12-06T16:30:00.000Z,league.rs.tv,49238059,0,0,0,0,41,41
114360,70,8,136892026,2025-12-06T16:30:00.000Z,league.rs.tv,49320295,0,0,0,41,0,41
114360,70,8,136892026,2025-12-06T16:30:00.000Z,league.rs.tv,49983596,1,0,2,1,0,4
114360,70,8,136892026,2025-12-06T16:30:00.000Z,league.rs.tv,51390841,41,0,0,0,0,41
114360,70,8,136892026,2025-12-06T16:30:00.000Z,league.rs.tv,54209203,0,0,26,6,7,39
114360,70,8,136892026,2025-12-06T16:30:00.000Z,league.rs.tv,55135479,6,0,20,0,0,26
114360,70,8,136892026,2025-12-06T16:30:00.000Z,league.rs.tv,55135481,0,48,0,0,0,48
114360,70,9,136892034,2025-12-09T16:30:00.000Z,league.rs,49238059,0,0,2,7,29,38
114360,70,9,136892034,2025-12-09T16:30:00.000Z,league.rs,49320295,0,0,0,37,0,37
114360,70,9,136892034,2025-12-09T16:30:00.000Z,league.rs,49983596,0,0,42,0,0,42
114360,70,9,136892034,2025-12-09T16:30:00.000Z,league.rs,51390841,0,41,0,0,0,41
114360,70,9,136892034,2025-12-09T16:30:00.000Z,league.rs,54209203,0,0,3,4,19,26
114360,70,9,136892034,2025-12-09T16:30:00.000Z,league.rs,55135479,18,7,0,0,0,25
114360,70,9,136892034,2025-12-09T16:30:00.000Z,league.rs,55135481,30,0,2,0,0,32
114360,70,9,137633215,2025-12-11T16:30:00.000Z,friendly,49238059,0,0,0,0,32,32
114360,70,9,137633215,2025-12-11T16:30:00.000Z,friendly,49320295,0,0,0,43,0,43
114360,70,9,137633215,2025-12-11T16:30:00.000Z,friendly,49983596,0,0,45,0,0,45
114360,70,9,137633215,2025-12-11T16:30:00.000Z,friendly,51390841,0,33,0,0,0,33
114360,70,9,137633215,2025-12-11T16:30:00.000Z,friendly,54209203,0,0,3,5,16,24
114360,70,9,137633215,2025-12-11T16:30:00.000Z,friendly,55135479,3,15,0,0,0,18
114360,70,9,137633215,2025-12-11T16:30:00.000Z,friendly,55135481,45,0,0,0,0,45
114360,70,9,136504672,2025-12-12T17:00:00.000Z,pl.rs,49238059,0,0,0,0,42,42
114360,70,9,136504672,2025-12-12T17:00:00.000Z,pl.rs,49320295,0,0,0,40,0,40
114360,70,9,136504672,2025-12-12T17:00:00.000Z,pl.rs,49983596,0,0,42,0,0,42
114360,70,9,136504672,2025-12-12T17:00:00.000Z,pl.rs,51390841,0,42,0,0,0,42
114360,70,9,136504672,2025-12-12T17:00:00.000Z,pl.rs,54209203,0,0,6,8,6,20
114360,70,9,136504672,2025-12-12T17:00:00.000Z,pl.rs,55135479,5,6,0,0,0,11
114360,70,9,136504672,2025-12-12T17:00:00.000Z,pl.rs,55135481,43,0,0,0,0,43
114360,70,9,136892038,2025-12-13T16:30:00.000Z,league.rs,49238059,0,0,0,0,42,42
114360,70,9,136892038,2025-12-13T16:30:00.000Z,league.rs,49320295,0,0,0,40,0,40
114360,70,9,136892038,2025-12-13T16:30:00.000Z,league.rs,49983596,0,0,41,0,0,41
114360,70,9,136892038,2025-12-13T16:30:00.000Z,league.rs,51390841,0,42,0,0,0,42
114360,70,9,136892038,2025-12-13T16:30:00.000Z,league.rs,54209203,0,0,7,8,6,21
114360,70,9,136892038,2025-12-13T16:30:00.000Z,league.rs,55135479,11,6,0,0,0,17
114360,70,9,136892038,2025-12-13T16:30:00.000Z,league.rs,55135481,37,0,0,0,0,37
114360,70,10,136892045,2025-12-16T16:30:00.000Z,league.rs,49238059,0,0,0,0,41,41
114360,70,10,136892045,2025-12-16T16:30:00.000Z,league.rs,49320295,0,0,0,41,0,41
114360,70,10,136892045,2025-12-16T16:30:00.000Z,league.rs,49983596,0,0,42,0,0,42
114360,70,10,136892045,2025-12-16T16:30:00.000Z,league.rs,51390841,0,41,0,0,0,41
114360,70,10,136892045,2025-12-16T16:30:00.000Z,league.rs,54209203,0,0,6,7,7,20
114360,70,10,136892045,2025-12-16T16:30:00.000Z,league.rs,55135479,7,7,0,0,0,14
114360,70,10,136892045,2025-12-16T16:30:00.000Z,league.rs,55135481,41,0,0,0,0,41
114360,70,10,137638779,2025-12-18T18:00:00.000Z,friendly,49238059,0,0,1,0,33,34
114360,70,10,137638779,2025-12-18T18:00:00.000Z,friendly,49320295,0,0,0,42,0,42
114360,70,10,137638779,2025-12-18T18:00:00.000Z,friendly,49983596,0,0,44,0,0,44
114360,70,10,137638779,2025-12-18T18:00:00.000Z,friendly,51390841,2,33,0,0,0,35
114360,70,10,137638779,2025-12-18T18:00:00.000Z,friendly,54209203,0,0,3,6,15,24
114360,70,10,137638779,2025-12-18T18:00:00.000Z,friendly,55135479,4,15,0,0,0,19
114360,70,10,137638779,2025-12-18T18:00:00.000Z,friendly,55135481,42,0,0,0,0,42
114360,70,10,136504679,2025-12-19T17:00:00.000Z,pl.rs,49238059,0,0,0,0,42,42
114360,70,10,136504679,2025-12-19T17:00:00.000Z,pl.rs,49320295,0,0,0,42,0,42
114360,70,10,136504679,2025-12-19T17:00:00.000Z,pl.rs,49983596,0,0,42,0,0,42
114360,70,10,136504679,2025-12-19T17:00:00.000Z,pl.rs,51390841,0,42,0,0,0,42
114360,70,10,136504679,2025-12-19T17:00:00.000Z,pl.rs,54209203,0,0,6,6,6,18
114360,70,10,136504679,2025-12-19T17:00:00.000Z,pl.rs,55135479,8,6,0,0,0,14
114360,70,10,136504679,2025-12-19T17:00:00.000Z,pl.rs,55135481,40,0,0,0,0,40
114360,70,10,136892052,2025-12-20T16:30:00.000Z,league.rs,49238059,0,0,0,0,41,41
114360,70,10,136892052,2025-12-20T16:30:00.000Z,league.rs,49320295,0,0,0,41,0,41
114360,70,10,136892052,2025-12-20T16:30:00.000Z,league.rs,49983596,0,0,41,0,0,41
114360,70,10,136892052,2025-12-20T16:30:00.000Z,league.rs,51390841,0,39,0,0,0,39
114360,70,10,136892052,2025-12-20T16:30:00.000Z,league.rs,54209203,0,0,7,7,7,21
114360,70,10,136892052,2025-12-20T16:30:00.000Z,league.rs,55135479,7,9,0,0,0,16
114360,70,10,136892052,2025-12-20T16:30:00.000Z,league.rs,55135481,41,0,0,0,0,41
114360,70,11,136892063,2025-12-23T16:30:00.000Z,league.rs,49238059,0,0,0,0,42,42
114360,70,11,136892063,2025-12-23T16:30:00.000Z,league.rs,49320295,0,0,0,39,0,39
114360,70,11,136892063,2025-12-23T16:30:00.000Z,league.rs,49983596,0,0,41,0,0,41
114360,70,11,136892063,2025-12-23T16:30:00.000Z,league.rs,51390841,0,39,0,0,0,39
114360,70,11,136892063,2025-12-23T16:30:00.000Z,league.rs,54209203,0,0,7,9,6,22
114360,70,11,136892063,2025-12-23T16:30:00.000Z,league.rs,55135479,12,9,0,0,0,21
114360,70,11,136892063,2025-12-23T16:30:00.000Z,league.rs,55135481,36,0,0,0,0,36
114360,70,11,137645814,2025-12-25T16:30:00.000Z,friendly,49238059,0,0,0,0,41,41
114360,70,11,137645814,2025-12-25T16:30:00.000Z,friendly,49320295,0,0,0,41,0,41
114360,70,11,137645814,2025-12-25T16:30:00.000Z,friendly,49983596,0,0,45,0,0,45
114360,70,11,137645814,2025-12-25T16:30:00.000Z,friendly,51390841,0,45,0,0,0,45
114360,70,11,137645814,2025-12-25T16:30:00.000Z,friendly,54209203,0,0,3,7,7,17
114360,70,11,137645814,2025-12-25T16:30:00.000Z,friendly,55135479,9,3,0,0,0,12
114360,70,11,137645814,2025-12-25T16:30:00.000Z,friendly,55135481,39,0,0,0,0,39
114360,70,11,136504686,2025-12-26T17:00:00.000Z,pl.rs,49238059,0,0,0,0,40,40
114360,70,11,136504686,2025-12-26T17:00:00.000Z,pl.rs,49320295,0,0,0,42,0,42
114360,70,11,136504686,2025-12-26T17:00:00.000Z,pl.rs,49983596,0,0,41,0,0,41
114360,70,11,136504686,2025-12-26T17:00:00.000Z,pl.rs,51390841,0,42,0,0,0,42
114360,70,11,136504686,2025-12-26T17:00:00.000Z,pl.rs,54209203,0,0,7,6,8,21
114360,70,11,136504686,2025-12-26T17:00:00.000Z,pl.rs,55135479,14,6,0,0,0,20
114360,70,11,136504686,2025-12-26T17:00:00.000Z,pl.rs,55135481,34,0,0,0,0,34
114360,70,11,136892070,2025-12-27T16:30:00.000Z,league.rs.tv,49238059,0,0,0,0,42,42
114360,70,11,136892070,2025-12-27T16:30:00.000Z,league.rs.tv,49320295,0,0,0,41,0,41
114360,70,11,136892070,2025-12-27T16:30:00.000Z,league.rs.tv,49983596,0,0,42,0,0,42
114360,70,11,136892070,2025-12-27T16:30:00.000Z,league.rs.tv,51390841,0,42,0,0,0,42
114360,70,11,136892070,2025-12-27T16:30:00.000Z,league.rs.tv,54209203,0,0,6,7,6,19
114360,70,11,136892070,2025-12-27T16:30:00.000Z,league.rs.tv,55135479,13,6,0,0,0,19
114360,70,11,136892070,2025-12-27T16:30:00.000Z,league.rs.tv,55135481,35,0,0,0,0,35
114360,70,12,136892079,2025-12-30T16:30:00.000Z,league.rs,49238059,0,0,0,0,42,42
114360,70,12,136892079,2025-12-30T16:30:00.000Z,league.rs,49320295,0,0,0,41,0,41
114360,70,12,136892079,2025-12-30T16:30:00.000Z,league.rs,49983596,0,0,40,0,0,40
114360,70,12,136892079,2025-12-30T16:30:00.000Z,league.rs,51390841,0,41,0,0,0,41
114360,70,12,136892079,2025-12-30T16:30:00.000Z,league.rs,54209203,0,0,7,7,6,20
114360,70,12,136892079,2025-12-30T16:30:00.000Z,league.rs,55135479,8,7,1,0,0,16
114360,70,12,136892079,2025-12-30T16:30:00.000Z,league.rs,55135481,40,0,0,0,0,40
114360,70,12,137652428,2026-01-01T20:00:00.000Z,friendly,49983596,0,0,48,0,0,48
114360,70,12,137652428,2026-01-01T20:00:00.000Z,friendly,54209203,0,0,0,0,48,48
114360,70,12,137652428,2026-01-01T20:00:00.000Z,friendly,55135479,0,48,0,0,0,48
114360,70,12,137652428,2026-01-01T20:00:00.000Z,friendly,55135481,48,0,0,0,0,48
114360,70,12,136504695,2026-01-02T17:00:00.000Z,pl.rs,49983596,0,0,48,0,0,48
114360,70,12,136504695,2026-01-02T17:00:00.000Z,pl.rs,54209203,0,0,0,2,46,48
114360,70,12,136504695,2026-01-02T17:00:00.000Z,pl.rs,55135479,0,48,0,0,0,48
114360,70,12,136504695,2026-01-02T17:00:00.000Z,pl.rs,55135481,48,0,0,0,0,48
114360,70,12,136892087,2026-01-03T16:30:00.000Z,league.rs,49983596,0,0,48,0,0,48
114360,70,12,136892087,2026-01-03T16:30:00.000Z,league.rs,54209203,0,0,0,0,48,48
114360,70,12,136892087,2026-01-03T16:30:00.000Z,league.rs,55135479,0,48,0,0,0,48
114360,70,12,136892087,2026-01-03T16:30:00.000Z,league.rs,55135481,48,0,0,0,0,48
114360,70,13,137680895,2026-01-06T16:30:00.000Z,league.quarterfinal,49983596,0,0,48,0,0,48
114360,70,13,137680895,2026-01-06T16:30:00.000Z,league.quarterfinal,54209203,0,0,0,0,48,48
114360,70,13,137680895,2026-01-06T16:30:00.000Z,league.quarterfinal,55135479,0,48,0,0,0,48
114360,70,13,137680895,2026-01-06T16:30:00.000Z,league.quarterfinal,55135481,48,0,0,0,0,48
114360,70,13,137656544,2026-01-08T16:30:00.000Z,friendly,32359653,0,0,0,0,0,0
114360,70,13,137656544,2026-01-08T16:30:00.000Z,friendly,52956465,0,0,0,48,0,48
114360,70,13,137656544,2026-01-08T16:30:00.000Z,friendly,53571950,0,0,2,0,46,48
114360,70,13,137656544,2026-01-08T16:30:00.000Z,friendly,54208611,0,0,46,0,2,48
114360,70,13,137656544,2026-01-08T16:30:00.000Z,friendly,54209203,0,48,0,0,0,48
114360,70,13,137656544,2026-01-08T16:30:00.000Z,friendly,55135468,48,0,0,0,0,48
114360,70,13,136504704,2026-01-09T17:00:00.000Z,pl.rs,49983596,0,0,42,0,0,42
114360,70,13,136504704,2026-01-09T17:00:00.000Z,pl.rs,52956465,0,0,0,30,0,30
114360,70,13,136504704,2026-01-09T17:00:00.000Z,pl.rs,54208611,0,0,0,0,0,0
114360,70,13,136504704,2026-01-09T17:00:00.000Z,pl.rs,54209203,0,0,6,18,18,42
114360,70,13,136504704,2026-01-09T17:00:00.000Z,pl.rs,55135468,0,0,0,0,30,30
114360,70,13,136504704,2026-01-09T17:00:00.000Z,pl.rs,55135479,48,0,0,0,0,48
114360,70,13,136504704,2026-01-09T17:00:00.000Z,pl.rs,55135481,0,48,0,0,0,48
114360,70,13,137740436,2026-01-10T16:30:00.000Z,friendly,49983596,0,0,44,0,0,44
114360,70,13,137740436,2026-01-10T16:30:00.000Z,friendly,52956465,0,0,0,31,0,31
114360,70,13,137740436,2026-01-10T16:30:00.000Z,friendly,54208611,0,0,0,0,0,0
114360,70,13,137740436,2026-01-10T16:30:00.000Z,friendly,54209203,0,0,4,17,25,46
114360,70,13,137740436,2026-01-10T16:30:00.000Z,friendly,55135468,0,0,0,0,23,23
114360,70,13,137740436,2026-01-10T16:30:00.000Z,friendly,55135479,48,0,0,0,0,48
114360,70,13,137740436,2026-01-10T16:30:00.000Z,friendly,55135481,0,48,0,0,0,48
114360,70,14,137818800,2026-01-15T16:30:00.000Z,friendly,49983596,0,0,48,0,0,48
114360,70,14,137818800,2026-01-15T16:30:00.000Z,friendly,52956465,0,0,0,48,0,48
114360,70,14,137818800,2026-01-15T16:30:00.000Z,friendly,54208611,48,0,0,0,0,48
114360,70,14,137818800,2026-01-15T16:30:00.000Z,friendly,54209203,0,48,0,0,0,48
114360,70,14,137818800,2026-01-15T16:30:00.000Z,friendly,55135468,0,0,0,0,48,48
114360,70,14,137818800,2026-01-15T16:30:00.000Z,friendly,55135479,0,0,0,0,0,0
114360,70,14,137818800,2026-01-15T16:30:00.000Z,friendly,55135481,0,0,0,0,0,0
114360,70,14,136504713,2026-01-16T17:00:00.000Z,pl.rs,49983596,0,0,41,0,0,41
114360,70,14,136504713,2026-01-16T17:00:00.000Z,pl.rs,52956465,0,0,0,27,0,27
114360,70,14,136504713,2026-01-16T17:00:00.000Z,pl.rs,54208611,0,0,0,0,0,0
114360,70,14,136504713,2026-01-16T17:00:00.000Z,pl.rs,54209203,0,0,7,21,17,45
114360,70,14,136504713,2026-01-16T17:00:00.000Z,pl.rs,55135468,0,0,0,0,31,31
114360,70,14,136504713,2026-01-16T17:00:00.000Z,pl.rs,55135479,48,0,0,0,0,48
114360,70,14,136504713,2026-01-16T17:00:00.000Z,pl.rs,55135481,0,48,0,0,0,48
114360,70,14,137780973,2026-01-17T16:30:00.000Z,friendly,49983596,0,0,48,0,0,48
114360,70,14,137780973,2026-01-17T16:30:00.000Z,friendly,52956465,0,0,0,34,0,34
114360,70,14,137780973,2026-01-17T16:30:00.000Z,friendly,54208611,0,0,0,0,0,0
114360,70,14,137780973,2026-01-17T16:30:00.000Z,friendly,54209203,0,0,5,18,23,46
114360,70,14,137780973,2026-01-17T16:30:00.000Z,friendly,55135468,0,0,0,0,30,30
114360,70,14,137780973,2026-01-17T16:30:00.000Z,friendly,55135479,53,0,0,0,0,53
114360,70,14,137780973,2026-01-17T16:30:00.000Z,friendly,55135481,0,53,0,0,0,53
114360,71,1,137827096,2026-01-22T16:55:00.000Z,friendly,49983596,0,0,47,0,0,47
114360,71,1,137827096,2026-01-22T16:55:00.000Z,friendly,52956465,0,0,0,24,0,24
114360,71,1,137827096,2026-01-22T16:55:00.000Z,friendly,54208611,0,0,0,0,0,0
114360,71,1,137827096,2026-01-22T16:55:00.000Z,friendly,54209203,0,0,1,24,18,43
114360,71,1,137827096,2026-01-22T16:55:00.000Z,friendly,55135468,0,0,0,0,30,30
114360,71,1,137827096,2026-01-22T16:55:00.000Z,friendly,55135479,48,0,0,0,0,48
114360,71,1,137827096,2026-01-22T16:55:00.000Z,friendly,55135481,0,48,0,0,0,48
114360,71,1,138131283,2026-01-24T16:30:00.000Z,league.rs,49983596,0,0,41,0,0,41
114360,71,1,138131283,2026-01-24T16:30:00.000Z,league.rs,52956465,0,0,0,26,0,26
114360,71,1,138131283,2026-01-24T16:30:00.000Z,league.rs,54208611,0,0,0,0,0,0
114360,71,1,138131283,2026-01-24T16:30:00.000Z,league.rs,54209203,0,0,7,22,15,44
114360,71,1,138131283,2026-01-24T16:30:00.000Z,league.rs,55135468,0,0,0,0,33,33
114360,71,1,138131283,2026-01-24T16:30:00.000Z,league.rs,55135479,48,0,0,0,0,48
114360,71,1,138131283,2026-01-24T16:30:00.000Z,league.rs,55135481,0,48,0,0,0,48
114360,71,2,138131291,2026-01-27T16:30:00.000Z,league.rs.tv,49983596,0,0,42,0,0,42
114360,71,2,138131291,2026-01-27T16:30:00.000Z,league.rs.tv,52956465,3,0,0,28,0,31
114360,71,2,138131291,2026-01-27T16:30:00.000Z,league.rs.tv,54208611,5,0,0,0,0,5
114360,71,2,138131291,2026-01-27T16:30:00.000Z,league.rs.tv,54209203,0,0,6,20,19,45
114360,71,2,138131291,2026-01-27T16:30:00.000Z,league.rs.tv,55135468,0,0,0,0,29,29
114360,71,2,138131291,2026-01-27T16:30:00.000Z,league.rs.tv,55135479,40,0,0,0,0,40
114360,71,2,138131291,2026-01-27T16:30:00.000Z,league.rs.tv,55135481,0,48,0,0,0,48
114360,71,2,138131464,2026-01-29T16:30:00.000Z,cup,49983596,9,0,32,0,0,41
114360,71,2,138131464,2026-01-29T16:30:00.000Z,cup,52956465,15,0,0,23,0,38
114360,71,2,138131464,2026-01-29T16:30:00.000Z,cup,54208611,6,0,12,0,2,20
114360,71,2,138131464,2026-01-29T16:30:00.000Z,cup,54209203,0,0,3,25,20,48
114360,71,2,138131464,2026-01-29T16:30:00.000Z,cup,55135468,3,0,2,0,26,31
114360,71,2,138131464,2026-01-29T16:30:00.000Z,cup,55135479,15,0,0,0,0,15
114360,71,2,138131464,2026-01-29T16:30:00.000Z,cup,55135481,0,48,0,0,0,48
114360,71,2,138131299,2026-01-31T16:30:00.000Z,league.rs,49983596,0,0,41,0,0,41
114360,71,2,138131299,2026-01-31T16:30:00.000Z,league.rs,52956465,23,0,0,17,0,40
114360,71,2,138131299,2026-01-31T16:30:00.000Z,league.rs,54208611,25,0,0,0,0,25
114360,71,2,138131299,2026-01-31T16:30:00.000Z,league.rs,54209203,0,0,7,31,10,48
114360,71,2,138131299,2026-01-31T16:30:00.000Z,league.rs,55135468,0,0,0,0,38,38
114360,71,2,138131299,2026-01-31T16:30:00.000Z,league.rs,55135481,0,48,0,0,0,48
114360,71,3,138131307,2026-02-03T16:30:00.000Z,league.rs,52956465,0,0,0,31,0,31
114360,71,3,138131307,2026-02-03T16:30:00.000Z,league.rs,54208611,0,0,45,0,0,45
114360,71,3,138131307,2026-02-03T16:30:00.000Z,league.rs,54209203,0,0,3,17,24,44
114360,71,3,138131307,2026-02-03T16:30:00.000Z,league.rs,55135468,0,0,0,0,24,24
114360,71,3,138131307,2026-02-03T16:30:00.000Z,league.rs,55135481,48,0,0,0,0,48
114360,71,3,138131307,2026-02-03T16:30:00.000Z,league.rs,55439845,0,48,0,0,0,48
114360,71,3,138131307,2026-02-03T16:30:00.000Z,league.rs,55439846,0,0,0,0,0,0
114360,71,3,138585088,2026-02-05T16:30:00.000Z,cup,49983596,0,0,32,0,0,32
114360,71,3,138585088,2026-02-05T16:30:00.000Z,cup,52956465,0,0,2,33,0,35
114360,71,3,138585088,2026-02-05T16:30:00.000Z,cup,54208611,0,0,12,0,2,14
114360,71,3,138585088,2026-02-05T16:30:00.000Z,cup,54209203,0,0,2,15,29,46
114360,71,3,138585088,2026-02-05T16:30:00.000Z,cup,55135468,0,0,0,0,17,17
114360,71,3,138585088,2026-02-05T16:30:00.000Z,cup,55135479,48,0,0,0,0,48
114360,71,3,138585088,2026-02-05T16:30:00.000Z,cup,55135481,0,48,0,0,0,48
114360,71,3,138131315,2026-02-07T16:30:00.000Z,league.rs,49983596,0,0,37,0,0,37
114360,71,3,138131315,2026-02-07T16:30:00.000Z,league.rs,52956465,0,0,0,32,0,32
114360,71,3,138131315,2026-02-07T16:30:00.000Z,league.rs,54208611,0,2,0,0,0,2
114360,71,3,138131315,2026-02-07T16:30:00.000Z,league.rs,54209203,0,0,11,16,14,41
114360,71,3,138131315,2026-02-07T16:30:00.000Z,league.rs,55135468,0,0,0,0,34,34
114360,71,3,138131315,2026-02-07T16:30:00.000Z,league.rs,55135479,48,0,0,0,0,48
114360,71,3,138131315,2026-02-07T16:30:00.000Z,league.rs,55135481,0,46,0,0,0,46
114360,71,4,138131323,2026-02-10T16:30:00.000Z,league.rs,49983596,0,0,42,0,0,42
114360,71,4,138131323,2026-02-10T16:30:00.000Z,league.rs,52956465,0,0,0,24,0,24
114360,71,4,138131323,2026-02-10T16:30:00.000Z,league.rs,54208611,0,0,0,0,0,0
114360,71,4,138131323,2026-02-10T16:30:00.000Z,league.rs,54209203,0,0,6,24,13,43
114360,71,4,138131323,2026-02-10T16:30:00.000Z,league.rs,55135468,0,0,0,0,35,35
114360,71,4,138131323,2026-02-10T16:30:00.000Z,league.rs,55135479,48,0,0,0,0,48
114360,71,4,138131323,2026-02-10T16:30:00.000Z,league.rs,55135481,0,48,0,0,0,48
114360,71,4,138605219,2026-02-12T16:30:00.000Z,cup,52956465,0,0,0,5,0,5
114360,71,4,138605219,2026-02-12T16:30:00.000Z,cup,53571950,0,48,0,0,0,48
114360,71,4,138605219,2026-02-12T16:30:00.000Z,cup,53572533,0,0,0,12,0,12
114360,71,4,138605219,2026-02-12T16:30:00.000Z,cup,54208611,48,0,0,0,0,48
114360,71,4,138605219,2026-02-12T16:30:00.000Z,cup,55135468,0,0,0,0,48,48
114360,71,4,138605219,2026-02-12T16:30:00.000Z,cup,55439824,0,0,0,31,0,31
114360,71,4,138605219,2026-02-12T16:30:00.000Z,cup,55439845,0,0,48,0,0,48
114360,71,4,138131331,2026-02-14T16:30:00.000Z,league.rs,49983596,0,0,42,0,0,42
114360,71,4,138131331,2026-02-14T16:30:00.000Z,league.rs,52956465,0,0,0,37,0,37
114360,71,4,138131331,2026-02-14T16:30:00.000Z,league.rs,54208611,0,0,0,0,0,0
114360,71,4,138131331,2026-02-14T16:30:00.000Z,league.rs,54209203,0,0,6,11,22,39
114360,71,4,138131331,2026-02-14T16:30:00.000Z,league.rs,55135468,0,0,0,0,26,26
114360,71,4,138131331,2026-02-14T16:30:00.000Z,league.rs,55135479,48,0,0,0,0,48
114360,71,4,138131331,2026-02-14T16:30:00.000Z,league.rs,55135481,0,48,0,0,0,48
114360,71,5,138131339,2026-02-17T16:30:00.000Z,league.rs,49983596,0,0,42,0,0,42
114360,71,5,138131339,2026-02-17T16:30:00.000Z,league.rs,51529704,42,0,0,0,0,42
114360,71,5,138131339,2026-02-17T16:30:00.000Z,league.rs,52956465,0,0,0,37,0,37
114360,71,5,138131339,2026-02-17T16:30:00.000Z,league.rs,54208611,0,0,0,0,0,0
114360,71,5,138131339,2026-02-17T16:30:00.000Z,league.rs,54209203,0,0,6,11,26,43
114360,71,5,138131339,2026-02-17T16:30:00.000Z,league.rs,55135468,0,0,0,0,22,22
114360,71,5,138131339,2026-02-17T16:30:00.000Z,league.rs,55135479,0,37,0,0,0,37
114360,71,5,138131339,2026-02-17T16:30:00.000Z,league.rs,55135481,6,11,0,0,0,17
114360,71,5,138620318,2026-02-19T16:30:00.000Z,cup,49983596,0,0,40,0,0,40
114360,71,5,138620318,2026-02-19T16:30:00.000Z,cup,52956465,0,0,0,33,0,33
114360,71,5,138620318,2026-02-19T16:30:00.000Z,cup,54208611,0,0,2,0,0,2
114360,71,5,138620318,2026-02-19T16:30:00.000Z,cup,54209203,0,0,6,15,15,36
114360,71,5,138620318,2026-02-19T16:30:00.000Z,cup,55135468,0,0,0,0,33,33
114360,71,5,138620318,2026-02-19T16:30:00.000Z,cup,55135479,48,0,0,0,0,48
114360,71,5,138620318,2026-02-19T16:30:00.000Z,cup,55135481,0,48,0,0,0,48
114360,71,5,138131347,2026-02-21T16:30:00.000Z,league.rs,49983596,0,0,42,0,0,42
114360,71,5,138131347,2026-02-21T16:30:00.000Z,league.rs,52956465,0,0,0,30,0,30
114360,71,5,138131347,2026-02-21T16:30:00.000Z,league.rs,54208611,0,0,0,0,0,0
114360,71,5,138131347,2026-02-21T16:30:00.000Z,league.rs,54209203,0,0,6,18,15,39
114360,71,5,138131347,2026-02-21T16:30:00.000Z,league.rs,55135468,0,0,0,0,33,33
114360,71,5,138131347,2026-02-21T16:30:00.000Z,league.rs,55135479,48,0,0,0,0,48
114360,71,5,138131347,2026-02-21T16:30:00.000Z,league.rs,55135481,0,48,0,0,0,48
114360,71,6,138131355,2026-02-24T16:30:00.000Z,league.rs,51529704,41,0,0,0,0,41
114360,71,6,138131355,2026-02-24T16:30:00.000Z,league.rs,52192805,0,0,0,25,15,40
114360,71,6,138131355,2026-02-24T16:30:00.000Z,league.rs,52956465,0,0,0,23,0,23
114360,71,6,138131355,2026-02-24T16:30:00.000Z,league.rs,53571950,7,0,0,0,0,7
114360,71,6,138131355,2026-02-24T16:30:00.000Z,league.rs,53572533,0,0,20,0,0,20
114360,71,6,138131355,2026-02-24T16:30:00.000Z,league.rs,54208611,0,0,0,0,0,0
114360,71,6,138131355,2026-02-24T16:30:00.000Z,league.rs,54209203,0,0,28,0,0,28
114360,71,6,138131355,2026-02-24T16:30:00.000Z,league.rs,55135468,0,0,0,0,33,33
114360,71,6,138131355,2026-02-24T16:30:00.000Z,league.rs,55135479,0,48,0,0,0,48
114360,71,6,138131355,2026-02-24T16:30:00.000Z,league.rs,55135481,0,0,0,0,0,0
114360,71,6,138634277,2026-02-26T16:30:00.000Z,cup,49983596,0,0,41,0,0,41
114360,71,6,138634277,2026-02-26T16:30:00.000Z,cup,51529704,41,0,0,0,0,41
114360,71,6,138634277,2026-02-26T16:30:00.000Z,cup,51737263,0,41,0,0,0,41
114360,71,6,138634277,2026-02-26T16:30:00.000Z,cup,51777269,0,0,0,0,41,41
114360,71,6,138634277,2026-02-26T16:30:00.000Z,cup,52192805,0,0,0,41,0,41
114360,71,6,138634277,2026-02-26T16:30:00.000Z,cup,52956465,0,2,0,0,0,2
114360,71,6,138634277,2026-02-26T16:30:00.000Z,cup,54208611,0,0,0,1,0,1
114360,71,6,138634277,2026-02-26T16:30:00.000Z,cup,54209203,0,0,0,7,7,14
114360,71,6,138634277,2026-02-26T16:30:00.000Z,cup,55135479,0,5,7,0,0,12
114360,71,6,138634277,2026-02-26T16:30:00.000Z,cup,55135481,7,0,0,0,0,7
114360,71,6,138131363,2026-02-28T16:30:00.000Z,league.rs,49983596,40,0,1,0,0,41
114360,71,6,138131363,2026-02-28T16:30:00.000Z,league.rs,51529704,0,42,0,0,0,42
114360,71,6,138131363,2026-02-28T16:30:00.000Z,league.rs,51737263,0,0,42,0,0,42
114360,71,6,138131363,2026-02-28T16:30:00.000Z,league.rs,51777269,0,0,0,0,40,40
114360,71,6,138131363,2026-02-28T16:30:00.000Z,league.rs,52192805,0,0,0,39,0,39
114360,71,6,138131363,2026-02-28T16:30:00.000Z,league.rs,54209203,0,0,0,9,8,17
114360,71,6,138131363,2026-02-28T16:30:00.000Z,league.rs,55135479,0,6,2,0,0,8
114360,71,6,138131363,2026-02-28T16:30:00.000Z,league.rs,55135481,8,0,4,0,0,12
114360,71,7,138131371,2026-03-03T16:30:00.000Z,league.rs,49983596,34,0,0,0,0,34
114360,71,7,138131371,2026-03-03T16:30:00.000Z,league.rs,51529704,0,42,0,0,0,42
114360,71,7,138131371,2026-03-03T16:30:00.000Z,league.rs,51737263,0,0,42,0,0,42
114360,71,7,138131371,2026-03-03T16:30:00.000Z,league.rs,51777269,0,0,0,0,41,41
114360,71,7,138131371,2026-03-03T16:30:00.000Z,league.rs,52192805,0,0,0,37,0,37
114360,71,7,138131371,2026-03-03T16:30:00.000Z,league.rs,54209203,0,0,0,11,7,18
114360,71,7,138131371,2026-03-03T16:30:00.000Z,league.rs,55135479,0,6,4,0,0,10
114360,71,7,138131371,2026-03-03T16:30:00.000Z,league.rs,55135481,14,0,3,0,0,17
114360,71,7,138649422,2026-03-05T16:30:00.000Z,friendly,49983596,0,0,36,0,0,36
114360,71,7,138649422,2026-03-05T16:30:00.000Z,friendly,51529704,10,0,12,0,0,22
114360,71,7,138649422,2026-03-05T16:30:00.000Z,friendly,51737263,38,0,0,0,0,38
114360,71,7,138649422,2026-03-05T16:30:00.000Z,friendly,51777269,0,0,0,0,42,42
114360,71,7,138649422,2026-03-05T16:30:00.000Z,friendly,52192805,0,0,0,42,0,42
114360,71,7,138649422,2026-03-05T16:30:00.000Z,friendly,52956465,0,0,0,0,0,0
114360,71,7,138649422,2026-03-05T16:30:00.000Z,friendly,54208611,0,0,0,0,0,0
114360,71,7,138649422,2026-03-05T16:30:00.000Z,friendly,54209203,0,0,0,6,6,12
114360,71,7,138649422,2026-03-05T16:30:00.000Z,friendly,55135479,0,7,0,0,0,7
114360,71,7,138649422,2026-03-05T16:30:00.000Z,friendly,55135481,0,41,0,0,0,41
114360,71,7,138131379,2026-03-07T16:30:00.000Z,league.rs.tv,49983596,0,0,40,0,0,40
114360,71,7,138131379,2026-03-07T16:30:00.000Z,league.rs.tv,51529704,11,0,8,0,0,19
114360,71,7,138131379,2026-03-07T16:30:00.000Z,league.rs.tv,51737263,37,0,0,0,0,37
114360,71,7,138131379,2026-03-07T16:30:00.000Z,league.rs.tv,51777269,0,0,0,0,41,41
114360,71,7,138131379,2026-03-07T16:30:00.000Z,league.rs.tv,52192805,0,0,0,40,0,40
114360,71,7,138131379,2026-03-07T16:30:00.000Z,league.rs.tv,52956465,0,0,0,0,0,0
114360,71,7,138131379,2026-03-07T16:30:00.000Z,league.rs.tv,54208611,0,0,0,0,0,0
114360,71,7,138131379,2026-03-07T16:30:00.000Z,league.rs.tv,54209203,0,0,0,8,7,15
114360,71,7,138131379,2026-03-07T16:30:00.000Z,league.rs.tv,55135479,0,10,0,0,0,10
114360,71,7,138131379,2026-03-07T16:30:00.000Z,league.rs.tv,55135481,0,38,0,0,0,38
114360,71,8,138663257,2026-03-12T15:30:00.000Z,friendly,49983596,0,0,31,0,0,31
114360,71,8,138663257,2026-03-12T15:30:00.000Z,friendly,51529704,19,0,5,0,0,24
114360,71,8,138663257,2026-03-12T15:30:00.000Z,friendly,51737263,28,0,0,0,0,28
114360,71,8,138663257,2026-03-12T15:30:00.000Z,friendly,51777269,0,0,0,0,31,31
114360,71,8,138663257,2026-03-12T15:30:00.000Z,friendly,52192805,0,0,0,32,0,32
114360,71,8,138663257,2026-03-12T15:30:00.000Z,friendly,52956465,0,0,12,0,0,12
114360,71,8,138663257,2026-03-12T15:30:00.000Z,friendly,54208611,0,0,0,12,0,12
114360,71,8,138663257,2026-03-12T15:30:00.000Z,friendly,54209203,0,0,0,4,17,21
114360,71,8,138663257,2026-03-12T15:30:00.000Z,friendly,55135479,0,19,0,0,0,19
114360,71,8,138663257,2026-03-12T15:30:00.000Z,friendly,55135481,0,29,0,0,0,29
114360,71,8,138131387,2026-03-14T15:30:00.000Z,league.rs,49983596,0,0,39,0,0,39
114360,71,8,138131387,2026-03-14T15:30:00.000Z,league.rs,51529704,11,0,9,0,0,20
114360,71,8,138131387,2026-03-14T15:30:00.000Z,league.rs,51737263,37,0,0,0,0,37
114360,71,8,138131387,2026-03-14T15:30:00.000Z,league.rs,51777269,0,0,0,0,42,42
114360,71,8,138131387,2026-03-14T15:30:00.000Z,league.rs,52192805,0,0,0,38,0,38
114360,71,8,138131387,2026-03-14T15:30:00.000Z,league.rs,52956465,0,0,0,0,0,0
114360,71,8,138131387,2026-03-14T15:30:00.000Z,league.rs,54208611,0,0,0,0,0,0
114360,71,8,138131387,2026-03-14T15:30:00.000Z,league.rs,54209203,0,0,0,10,6,16
114360,71,8,138131387,2026-03-14T15:30:00.000Z,league.rs,55135479,0,10,0,0,0,10
114360,71,8,138131387,2026-03-14T15:30:00.000Z,league.rs,55135481,0,38,0,0,0,38
114360,71,9,138131395,2026-03-17T15:30:00.000Z,league.rs,49983596,0,0,39,0,0,39
114360,71,9,138131395,2026-03-17T15:30:00.000Z,league.rs,51529704,12,0,9,0,0,21
114360,71,9,138131395,2026-03-17T15:30:00.000Z,league.rs,51737263,36,0,0,0,0,36
114360,71,9,138131395,2026-03-17T15:30:00.000Z,league.rs,51777269,0,0,0,0,40,40
114360,71,9,138131395,2026-03-17T15:30:00.000Z,league.rs,52192805,0,0,0,39,0,39
114360,71,9,138131395,2026-03-17T15:30:00.000Z,league.rs,52956465,0,0,0,0,0,0
114360,71,9,138131395,2026-03-17T15:30:00.000Z,league.rs,54208611,0,0,0,0,0,0
114360,71,9,138131395,2026-03-17T15:30:00.000Z,league.rs,54209203,0,0,0,9,8,17
114360,71,9,138131395,2026-03-17T15:30:00.000Z,league.rs,55135479,0,10,0,0,0,10
114360,71,9,138131395,2026-03-17T15:30:00.000Z,league.rs,55135481,0,38,0,0,0,38
114360,71,9,138670411,2026-03-19T16:35:00.000Z,friendly,51529704,28,0,13,1,0,42
114360,71,9,138670411,2026-03-19T16:35:00.000Z,friendly,52956465,0,0,0,38,0,38
114360,71,9,138670411,2026-03-19T16:35:00.000Z,friendly,54208611,0,0,35,0,0,35
114360,71,9,138670411,2026-03-19T16:35:00.000Z,friendly,54209203,20,0,0,5,18,43
114360,71,9,138670411,2026-03-19T16:35:00.000Z,friendly,55135479,0,48,0,0,0,48
114360,71,9,138670411,2026-03-19T16:35:00.000Z,friendly,55439824,0,0,0,4,24,28
114360,71,9,138670411,2026-03-19T16:35:00.000Z,friendly,55439845,0,0,0,0,7,7
114360,71,9,138131403,2026-03-21T15:30:00.000Z,league.rs,49983596,39,0,0,0,0,39
114360,71,9,138131403,2026-03-21T15:30:00.000Z,league.rs,51529704,0,40,0,0,0,40
114360,71,9,138131403,2026-03-21T15:30:00.000Z,league.rs,51737263,0,0,40,0,0,40
114360,71,9,138131403,2026-03-21T15:30:00.000Z,league.rs,51777269,0,0,0,0,39,39
114360,71,9,138131403,2026-03-21T15:30:00.000Z,league.rs,52192805,0,0,0,41,0,41
114360,71,9,138131403,2026-03-21T15:30:00.000Z,league.rs,52956465,0,0,1,0,0,1
114360,71,9,138131403,2026-03-21T15:30:00.000Z,league.rs,54208611,0,0,0,1,0,1
114360,71,9,138131403,2026-03-21T15:30:00.000Z,league.rs,54209203,0,0,0,7,9,16
114360,71,9,138131403,2026-03-21T15:30:00.000Z,league.rs,55135479,0,8,7,0,0,15
114360,71,9,138131403,2026-03-21T15:30:00.000Z,league.rs,55135481,9,0,0,0,0,9
114360,71,10,138131411,2026-03-24T15:30:00.000Z,league.rs.tv,49983596,38,0,0,0,0,38
114360,71,10,138131411,2026-03-24T15:30:00.000Z,league.rs.tv,51529704,0,40,0,0,0,40
114360,71,10,138131411,2026-03-24T15:30:00.000Z,league.rs.tv,51737263,0,0,42,0,0,42
114360,71,10,138131411,2026-03-24T15:30:00.000Z,league.rs.tv,51777269,0,0,0,0,40,40
114360,71,10,138131411,2026-03-24T15:30:00.000Z,league.rs.tv,52192805,0,0,0,41,0,41
114360,71,10,138131411,2026-03-24T15:30:00.000Z,league.rs.tv,52956465,0,0,0,0,0,0
114360,71,10,138131411,2026-03-24T15:30:00.000Z,league.rs.tv,54208611,0,0,0,0,0,0
114360,71,10,138131411,2026-03-24T15:30:00.000Z,league.rs.tv,54209203,0,0,0,7,8,15
114360,71,10,138131411,2026-03-24T15:30:00.000Z,league.rs.tv,55135479,0,8,6,0,0,14
114360,71,10,138131411,2026-03-24T15:30:00.000Z,league.rs.tv,55135481,10,0,0,0,0,10
114360,71,10,138676816,2026-03-26T10:00:00.000Z,friendly,52956465,0,0,0,0,48,48
114360,71,10,138676816,2026-03-26T10:00:00.000Z,friendly,54208611,0,0,0,48,0,48
114360,71,10,138676816,2026-03-26T10:00:00.000Z,friendly,54209203,0,0,48,0,0,48
114360,71,10,138676816,2026-03-26T10:00:00.000Z,friendly,55135479,0,48,0,0,0,48
114360,71,10,138676816,2026-03-26T10:00:00.000Z,friendly,55135481,48,0,0,0,0,48
114360,71,10,138131419,2026-03-28T15:30:00.000Z,league.rs,49983596,36,0,0,0,0,36
114360,71,10,138131419,2026-03-28T15:30:00.000Z,league.rs,51529704,0,40,0,0,0,40
114360,71,10,138131419,2026-03-28T15:30:00.000Z,league.rs,51737263,0,0,41,0,0,41
114360,71,10,138131419,2026-03-28T15:30:00.000Z,league.rs,51777269,0,0,0,0,41,41
114360,71,10,138131419,2026-03-28T15:30:00.000Z,league.rs,52192805,0,0,0,41,0,41
114360,71,10,138131419,2026-03-28T15:30:00.000Z,league.rs,54208611,0,0,2,0,0,2
114360,71,10,138131419,2026-03-28T15:30:00.000Z,league.rs,54209203,0,0,0,7,7,14
114360,71,10,138131419,2026-03-28T15:30:00.000Z,league.rs,55135479,0,8,5,0,0,13
114360,71,10,138131419,2026-03-28T15:30:00.000Z,league.rs,55135481,12,0,0,0,0,12
114360,71,11,138131427,2026-03-31T15:30:00.000Z,league.rs,49983596,38,0,0,0,0,38
114360,71,11,138131427,2026-03-31T15:30:00.000Z,league.rs,51529704,0,37,0,0,0,37
114360,71,11,138131427,2026-03-31T15:30:00.000Z,league.rs,51737263,0,0,41,0,0,41
114360,71,11,138131427,2026-03-31T15:30:00.000Z,league.rs,51777269,0,0,0,0,39,39
114360,71,11,138131427,2026-03-31T15:30:00.000Z,league.rs,52192805,0,0,0,40,0,40
114360,71,11,138131427,2026-03-31T15:30:00.000Z,league.rs,52956465,0,0,0,0,0,0
114360,71,11,138131427,2026-03-31T15:30:00.000Z,league.rs,54208611,0,0,0,0,0,0
114360,71,11,138131427,2026-03-31T15:30:00.000Z,league.rs,54209203,0,0,0,8,9,17
114360,71,11,138131427,2026-03-31T15:30:00.000Z,league.rs,55135479,0,11,7,0,0,18
114360,71,11,138131427,2026-03-31T15:30:00.000Z,league.rs,55135481,10,0,0,0,0,10
114360,71,11,138693205,2026-04-02T23:00:00.000Z,friendly,52956465,0,0,0,0,48,48
114360,71,11,138693205,2026-04-02T23:00:00.000Z,friendly,54208611,0,0,0,48,0,48
114360,71,11,138693205,2026-04-02T23:00:00.000Z,friendly,54209203,0,0,48,0,0,48
114360,71,11,138693205,2026-04-02T23:00:00.000Z,friendly,55135479,0,48,0,0,0,48
114360,71,11,138693205,2026-04-02T23:00:00.000Z,friendly,55135481,48,0,0,0,0,48
114360,71,11,138131435,2026-04-04T15:30:00.000Z,league.rs,49983596,38,0,2,0,0,40
114360,71,11,138131435,2026-04-04T15:30:00.000Z,league.rs,51529704,0,41,0,0,0,41
114360,71,11,138131435,2026-04-04T15:30:00.000Z,league.rs,51737263,0,0,42,0,0,42
114360,71,11,138131435,2026-04-04T15:30:00.000Z,league.rs,51777269,0,0,0,0,41,41
114360,71,11,138131435,2026-04-04T15:30:00.000Z,league.rs,52192805,0,0,0,42,0,42
114360,71,11,138131435,2026-04-04T15:30:00.000Z,league.rs,52956465,0,0,0,0,0,0
114360,71,11,138131435,2026-04-04T15:30:00.000Z,league.rs,54208611,0,0,0,0,0,0
114360,71,11,138131435,2026-04-04T15:30:00.000Z,league.rs,54209203,0,0,0,6,7,13
114360,71,11,138131435,2026-04-04T15:30:00.000Z,league.rs,55135479,0,7,4,0,0,11
114360,71,11,138131435,2026-04-04T15:30:00.000Z,league.rs,55135481,10,0,1,0,0,11
114360,71,12,138131443,2026-04-07T15:30:00.000Z,league.rs,49983596,0,0,42,0,0,42
114360,71,12,138131443,2026-04-07T15:30:00.000Z,league.rs,51529704,0,1,2,0,0,3
114360,71,12,138131443,2026-04-07T15:30:00.000Z,league.rs,51737263,0,21,0,0,0,21
114360,71,12,138131443,2026-04-07T15:30:00.000Z,league.rs,51777269,0,0,0,0,39,39
114360,71,12,138131443,2026-04-07T15:30:00.000Z,league.rs,52192805,0,0,0,41,0,41
114360,71,12,138131443,2026-04-07T15:30:00.000Z,league.rs,52956465,0,0,0,0,0,0
114360,71,12,138131443,2026-04-07T15:30:00.000Z,league.rs,54208611,0,0,0,0,0,0
114360,71,12,138131443,2026-04-07T15:30:00.000Z,league.rs,54209203,0,0,0,7,9,16
114360,71,12,138131443,2026-04-07T15:30:00.000Z,league.rs,55135479,48,0,0,0,0,48
114360,71,12,138131443,2026-04-07T15:30:00.000Z,league.rs,55135481,0,26,4,0,0,30
114360,71,12,138698914,2026-04-09T16:35:00.000Z,friendly,51737263,46,0,0,0,1,47
114360,71,12,138698914,2026-04-09T16:35:00.000Z,friendly,52956465,0,0,0,0,35,35
114360,71,12,138698914,2026-04-09T16:35:00.000Z,friendly,54208611,0,0,0,48,0,48
114360,71,12,138698914,2026-04-09T16:35:00.000Z,friendly,54209203,0,0,48,0,0,48
114360,71,12,138698914,2026-04-09T16:35:00.000Z,friendly,55135479,0,45,0,0,3,48
114360,71,12,138698914,2026-04-09T16:35:00.000Z,friendly,55135481,2,3,0,0,9,14
114360,71,12,138131451,2026-04-11T15:30:00.000Z,league.rs,49983596,0,0,40,0,0,40
114360,71,12,138131451,2026-04-11T15:30:00.000Z,league.rs,51529704,0,34,0,0,0,34
114360,71,12,138131451,2026-04-11T15:30:00.000Z,league.rs,51737263,41,0,0,0,0,41
114360,71,12,138131451,2026-04-11T15:30:00.000Z,league.rs,51777269,0,0,0,0,40,40
114360,71,12,138131451,2026-04-11T15:30:00.000Z,league.rs,52192805,0,0,0,40,0,40
114360,71,12,138131451,2026-04-11T15:30:00.000Z,league.rs,52956465,3,0,0,0,0,3
114360,71,12,138131451,2026-04-11T15:30:00.000Z,league.rs,54208611,0,0,0,0,0,0
114360,71,12,138131451,2026-04-11T15:30:00.000Z,league.rs,54209203,0,0,0,8,8,16
114360,71,12,138131451,2026-04-11T15:30:00.000Z,league.rs,55135479,0,0,8,0,0,8
114360,71,12,138131451,2026-04-11T15:30:00.000Z,league.rs,55135481,5,14,0,0,0,19
114360,71,13,138706218,2026-04-16T15:30:00.000Z,friendly,49983596,30,0,0,0,0,30
114360,71,13,138706218,2026-04-16T15:30:00.000Z,friendly,51529704,0,31,0,0,0,31
114360,71,13,138706218,2026-04-16T15:30:00.000Z,friendly,51737263,0,0,32,0,0,32
114360,71,13,138706218,2026-04-16T15:30:00.000Z,friendly,51777269,0,0,0,0,30,30
114360,71,13,138706218,2026-04-16T15:30:00.000Z,friendly,52192805,0,0,0,30,0,30
114360,71,13,138706218,2026-04-16T15:30:00.000Z,friendly,52956465,0,1,11,0,0,12
114360,71,13,138706218,2026-04-16T15:30:00.000Z,friendly,54208611,0,0,0,9,3,12
114360,71,13,138706218,2026-04-16T15:30:00.000Z,friendly,54209203,0,0,0,9,15,24
114360,71,13,138706218,2026-04-16T15:30:00.000Z,friendly,55135479,0,16,5,0,0,21
114360,71,13,138706218,2026-04-16T15:30:00.000Z,friendly,55135481,18,0,0,0,0,18
114360,71,13,138769099,2026-04-18T15:30:00.000Z,friendly,49983596,0,0,42,0,0,42
114360,71,13,138769099,2026-04-18T15:30:00.000Z,friendly,51529704,1,0,0,0,0,1
114360,71,13,138769099,2026-04-18T15:30:00.000Z,friendly,51737263,0,37,0,0,0,37
114360,71,13,138769099,2026-04-18T15:30:00.000Z,friendly,51777269,0,0,0,0,41,41
114360,71,13,138769099,2026-04-18T15:30:00.000Z,friendly,52192805,0,0,0,40,0,40
114360,71,13,138769099,2026-04-18T15:30:00.000Z,friendly,52956465,0,0,0,0,0,0
114360,71,13,138769099,2026-04-18T15:30:00.000Z,friendly,54208611,0,0,0,0,0,0
114360,71,13,138769099,2026-04-18T15:30:00.000Z,friendly,54209203,0,0,0,8,7,15
114360,71,13,138769099,2026-04-18T15:30:00.000Z,friendly,55135479,47,0,0,0,0,47
114360,71,13,138769099,2026-04-18T15:30:00.000Z,friendly,55135481,0,11,6,0,0,17
114360,71,14,138786132,2026-04-23T17:05:00.000Z,friendly,49983596,1,0,3,0,0,4
114360,71,14,138786132,2026-04-23T17:05:00.000Z,friendly,51529704,0,48,0,0,0,48
114360,71,14,138786132,2026-04-23T17:05:00.000Z,friendly,51737263,0,0,45,0,0,45
114360,71,14,138786132,2026-04-23T17:05:00.000Z,friendly,51777269,0,0,0,0,42,42
114360,71,14,138786132,2026-04-23T17:05:00.000Z,friendly,52192805,0,0,0,41,0,41
114360,71,14,138786132,2026-04-23T17:05:00.000Z,friendly,54208611,0,0,0,0,0,0
114360,71,14,138786132,2026-04-23T17:05:00.000Z,friendly,54209203,0,0,0,7,6,13
114360,71,14,138786132,2026-04-23T17:05:00.000Z,friendly,55135481,47,0,0,0,0,47
114360,71,14,138800103,2026-04-25T15:30:00.000Z,friendly,49983596,0,0,42,0,0,42
114360,71,14,138800103,2026-04-25T15:30:00.000Z,friendly,51529704,0,0,0,0,0,0
114360,71,14,138800103,2026-04-25T15:30:00.000Z,friendly,51737263,0,37,0,0,0,37
114360,71,14,138800103,2026-04-25T15:30:00.000Z,friendly,51777269,0,0,0,0,42,42
114360,71,14,138800103,2026-04-25T15:30:00.000Z,friendly,52192805,0,0,0,42,0,42
114360,71,14,138800103,2026-04-25T15:30:00.000Z,friendly,52956465,0,0,0,0,0,0
114360,71,14,138800103,2026-04-25T15:30:00.000Z,friendly,54208611,0,0,0,0,0,0
114360,71,14,138800103,2026-04-25T15:30:00.000Z,friendly,54209203,0,0,0,6,6,12
114360,71,14,138800103,2026-04-25T15:30:00.000Z,friendly,55135479,48,0,0,0,0,48
114360,71,14,138800103,2026-04-25T15:30:00.000Z,friendly,55135481,0,11,6,0,0,17
114360,72,1,138833609,2026-04-30T15:55:00.000Z,friendly,51529704,0,0,47,0,0,47
114360,72,1,138833609,2026-04-30T15:55:00.000Z,friendly,52192805,0,0,0,0,48,48
114360,72,1,138833609,2026-04-30T15:55:00.000Z,friendly,52956465,0,1,0,0,0,1
114360,72,1,138833609,2026-04-30T15:55:00.000Z,friendly,54208611,0,0,0,0,0,0
114360,72,1,138833609,2026-04-30T15:55:00.000Z,friendly,54209203,0,0,0,48,0,48
114360,72,1,138833609,2026-04-30T15:55:00.000Z,friendly,55135479,0,0,1,0,0,1
114360,72,1,138833609,2026-04-30T15:55:00.000Z,friendly,55135481,48,0,0,0,0,48
114360,72,1,138833609,2026-04-30T15:55:00.000Z,friendly,55688998,0,47,0,0,0,47
114360,72,1,139140323,2026-05-02T15:30:00.000Z,league.rs,49983596,0,0,42,0,0,42
114360,72,1,139140323,2026-05-02T15:30:00.000Z,league.rs,51529704,1,0,6,0,0,7
114360,72,1,139140323,2026-05-02T15:30:00.000Z,league.rs,52192805,0,0,0,43,0,43
114360,72,1,139140323,2026-05-02T15:30:00.000Z,league.rs,52956465,0,0,0,5,1,6
114360,72,1,139140323,2026-05-02T15:30:00.000Z,league.rs,54208611,0,0,0,0,13,13
114360,72,1,139140323,2026-05-02T15:30:00.000Z,league.rs,54209203,0,0,0,0,34,34
114360,72,1,139140323,2026-05-02T15:30:00.000Z,league.rs,55135479,47,0,0,0,0,47
114360,72,1,139140323,2026-05-02T15:30:00.000Z,league.rs,55135481,0,48,0,0,0,48
114360,72,1,139140331,2026-05-05T15:30:00.000Z,league.rs,49983596,0,0,0,0,3,3
114360,72,1,139140331,2026-05-05T15:30:00.000Z,league.rs,51529704,0,0,40,0,0,40
114360,72,1,139140331,2026-05-05T15:30:00.000Z,league.rs,52192805,0,0,0,42,0,42
114360,72,1,139140331,2026-05-05T15:30:00.000Z,league.rs,52956465,0,0,0,0,0,0
114360,72,1,139140331,2026-05-05T15:30:00.000Z,league.rs,54208611,0,0,0,4,2,6
114360,72,1,139140331,2026-05-05T15:30:00.000Z,league.rs,54209203,0,0,0,2,43,45
114360,72,1,139140331,2026-05-05T15:30:00.000Z,league.rs,55135479,48,0,0,0,0,48
114360,72,1,139140331,2026-05-05T15:30:00.000Z,league.rs,55135481,0,25,8,0,0,33
114360,72,1,139140331,2026-05-05T15:30:00.000Z,league.rs,55688998,0,23,0,0,0,23
114360,72,2,139139786,2026-05-07T15:30:00.000Z,cup,49983596,0,0,0,1,29,30
114360,72,2,139139786,2026-05-07T15:30:00.000Z,cup,51529704,0,0,31,0,0,31
114360,72,2,139139786,2026-05-07T15:30:00.000Z,cup,52192805,0,0,0,41,0,41
114360,72,2,139139786,2026-05-07T15:30:00.000Z,cup,52956465,14,0,0,0,0,14
114360,72,2,139139786,2026-05-07T15:30:00.000Z,cup,54208611,0,0,14,0,0,14
114360,72,2,139139786,2026-05-07T15:30:00.000Z,cup,54209203,0,0,0,5,19,24
114360,72,2,139139786,2026-05-07T15:30:00.000Z,cup,55135479,34,0,0,0,0,34
114360,72,2,139139786,2026-05-07T15:30:00.000Z,cup,55135481,0,34,4,0,0,38
114360,72,2,139139786,2026-05-07T15:30:00.000Z,cup,55688998,0,14,0,1,0,15
114360,72,2,139140339,2026-05-09T15:30:00.000Z,league.rs,49983596,0,0,0,0,45,45
114360,72,2,139140339,2026-05-09T15:30:00.000Z,league.rs,51529704,0,0,46,0,0,46
114360,72,2,139140339,2026-05-09T15:30:00.000Z,league.rs,52192805,0,0,0,43,0,43
114360,72,2,139140339,2026-05-09T15:30:00.000Z,league.rs,52956465,0,0,0,0,0,0
114360,72,2,139140339,2026-05-09T15:30:00.000Z,league.rs,54208611,0,0,0,1,0,1
114360,72,2,139140339,2026-05-09T15:30:00.000Z,league.rs,54209203,0,0,0,9,8,17
114360,72,2,139140339,2026-05-09T15:30:00.000Z,league.rs,55135479,53,0,0,0,0,53
114360,72,2,139140339,2026-05-09T15:30:00.000Z,league.rs,55135481,0,25,7,0,0,32
114360,72,2,139140339,2026-05-09T15:30:00.000Z,league.rs,55688998,0,28,0,0,0,28
114360,72,2,139140347,2026-05-12T15:30:00.000Z,league.rs,49983596,0,0,0,0,41,41
114360,72,2,139140347,2026-05-12T15:30:00.000Z,league.rs,51529704,0,0,1,0,0,1
114360,72,2,139140347,2026-05-12T15:30:00.000Z,league.rs,52192805,0,0,0,40,0,40
114360,72,2,139140347,2026-05-12T15:30:00.000Z,league.rs,52956465,0,0,40,0,0,40
114360,72,2,139140347,2026-05-12T15:30:00.000Z,league.rs,53571950,0,0,0,0,7,7
114360,72,2,139140347,2026-05-12T15:30:00.000Z,league.rs,54209203,0,0,5,8,0,13
114360,72,2,139140347,2026-05-12T15:30:00.000Z,league.rs,55135479,3,16,0,0,0,19
114360,72,2,139140347,2026-05-12T15:30:00.000Z,league.rs,55135481,45,0,0,0,0,45
114360,72,2,139140347,2026-05-12T15:30:00.000Z,league.rs,55688998,0,32,1,0,0,33
114360,72,3,139610115,2026-05-14T15:30:00.000Z,cup,52956465,0,0,44,2,0,46
114360,72,3,139610115,2026-05-14T15:30:00.000Z,cup,53571950,0,1,4,17,13,35
114360,72,3,139610115,2026-05-14T15:30:00.000Z,cup,53572533,0,47,0,1,0,48
114360,72,3,139610115,2026-05-14T15:30:00.000Z,cup,54208611,0,0,0,14,0,14
114360,72,3,139610115,2026-05-14T15:30:00.000Z,cup,54209203,48,0,0,0,0,48
114360,72,3,139610115,2026-05-14T15:30:00.000Z,cup,55689011,0,0,0,13,35,48
114360,72,3,139140353,2026-05-16T15:30:00.000Z,league.rs,49983596,0,0,0,0,42,42
114360,72,3,139140353,2026-05-16T15:30:00.000Z,league.rs,52192805,0,0,0,41,0,41
114360,72,3,139140353,2026-05-16T15:30:00.000Z,league.rs,52956465,0,0,0,0,0,0
114360,72,3,139140353,2026-05-16T15:30:00.000Z,league.rs,54208611,0,0,0,0,0,0
114360,72,3,139140353,2026-05-16T15:30:00.000Z,league.rs,54209203,0,0,1,7,6,14
114360,72,3,139140353,2026-05-16T15:30:00.000Z,league.rs,55135479,48,0,0,0,0,48
114360,72,3,139140353,2026-05-16T15:30:00.000Z,league.rs,55135481,0,2,46,0,0,48
114360,72,3,139140353,2026-05-16T15:30:00.000Z,league.rs,55688998,0,46,0,0,0,46
114360,72,3,139140362,2026-05-19T15:30:00.000Z,league.rs,49983596,0,0,0,0,41,41
114360,72,3,139140362,2026-05-19T15:30:00.000Z,league.rs,52192805,0,0,0,42,0,42
114360,72,3,139140362,2026-05-19T15:30:00.000Z,league.rs,53571950,0,0,48,0,0,48
114360,72,3,139140362,2026-05-19T15:30:00.000Z,league.rs,54209203,0,26,0,5,4,35
114360,72,3,139140362,2026-05-19T15:30:00.000Z,league.rs,55135479,0,22,0,1,0,23
114360,72,3,139140362,2026-05-19T15:30:00.000Z,league.rs,55135481,48,0,0,0,0,48
114360,72,3,139140362,2026-05-19T15:30:00.000Z,league.rs,55688998,0,0,0,0,2,2
114360,72,4,139630969,2026-05-21T15:30:00.000Z,cup,11422443,3,4,0,6,0,13
114360,72,4,139630969,2026-05-21T15:30:00.000Z,cup,23117426,2,1,4,6,0,13
114360,72,4,139630969,2026-05-21T15:30:00.000Z,cup,24360741,4,0,9,0,0,13
114360,72,4,139630969,2026-05-21T15:30:00.000Z,cup,32359653,0,0,0,0,13,13
114360,72,4,139630969,2026-05-21T15:30:00.000Z,cup,53571950,0,0,35,0,0,35
114360,72,4,139630969,2026-05-21T15:30:00.000Z,cup,53572533,0,42,0,0,0,42
114360,72,4,139630969,2026-05-21T15:30:00.000Z,cup,54208611,0,0,0,36,0,36
114360,72,4,139630969,2026-05-21T15:30:00.000Z,cup,54209203,39,0,0,0,0,39
114360,72,4,139630969,2026-05-21T15:30:00.000Z,cup,55689011,0,0,0,0,35,35
114360,72,4,139140370,2026-05-23T15:30:00.000Z,league.rs.tv,49983596,0,0,0,0,41,41
114360,72,4,139140370,2026-05-23T15:30:00.000Z,league.rs.tv,52192805,0,0,0,41,0,41
114360,72,4,139140370,2026-05-23T15:30:00.000Z,league.rs.tv,53571950,0,0,24,0,0,24
114360,72,4,139140370,2026-05-23T15:30:00.000Z,league.rs.tv,54209203,0,23,0,0,0,23
114360,72,4,139140370,2026-05-23T15:30:00.000Z,league.rs.tv,55135479,0,25,0,0,0,25
114360,72,4,139140370,2026-05-23T15:30:00.000Z,league.rs.tv,55135481,48,0,0,0,0,48
114360,72,4,139140370,2026-05-23T15:30:00.000Z,league.rs.tv,55688998,0,0,24,0,0,24
114360,72,4,139140370,2026-05-23T15:30:00.000Z,league.rs.tv,55689011,0,0,0,6,7,13
114360,72,4,139140379,2026-05-26T15:30:00.000Z,league.rs,49983596,0,0,0,0,4,4
114360,72,4,139140379,2026-05-26T15:30:00.000Z,league.rs,52192805,0,0,0,42,0,42
114360,72,4,139140379,2026-05-26T15:30:00.000Z,league.rs,53571950,0,0,48,0,0,48
114360,72,4,139140379,2026-05-26T15:30:00.000Z,league.rs,54209203,0,14,0,6,23,43
114360,72,4,139140379,2026-05-26T15:30:00.000Z,league.rs,55135479,0,34,0,0,0,34
114360,72,4,139140379,2026-05-26T15:30:00.000Z,league.rs,55135481,48,0,0,0,0,48
114360,72,4,139140379,2026-05-26T15:30:00.000Z,league.rs,55688998,0,0,0,0,21,21
114360,72,5,139646618,2026-05-28T15:30:00.000Z,cup,53571950,0,0,48,0,0,48
114360,72,5,139646618,2026-05-28T15:30:00.000Z,cup,53572533,0,47,0,0,0,47
114360,72,5,139646618,2026-05-28T15:30:00.000Z,cup,54208611,0,1,0,0,15,16
114360,72,5,139646618,2026-05-28T15:30:00.000Z,cup,54209203,0,0,0,48,0,48
114360,72,5,139646618,2026-05-28T15:30:00.000Z,cup,55688998,48,0,0,0,0,48
114360,72,5,139646618,2026-05-28T15:30:00.000Z,cup,55689011,0,0,0,0,33,33
114360,72,5,139140387,2026-05-30T15:30:00.000Z,league.rs.tv,52192805,0,0,0,0,43,43
114360,72,5,139140387,2026-05-30T15:30:00.000Z,league.rs.tv,53571950,0,0,48,0,0,48
114360,72,5,139140387,2026-05-30T15:30:00.000Z,league.rs.tv,54209203,0,0,0,48,0,48
114360,72,5,139140387,2026-05-30T15:30:00.000Z,league.rs.tv,55135479,38,0,0,0,0,38
114360,72,5,139140387,2026-05-30T15:30:00.000Z,league.rs.tv,55135481,0,43,0,0,2,45
114360,72,5,139140387,2026-05-30T15:30:00.000Z,league.rs.tv,55688998,10,5,0,0,3,18
114360,72,5,139140395,2026-06-02T15:30:00.000Z,league.rs,52192805,0,0,0,42,0,42
114360,72,5,139140395,2026-06-02T15:30:00.000Z,league.rs,53571950,0,0,35,0,0,35
114360,72,5,139140395,2026-06-02T15:30:00.000Z,league.rs,54208611,0,17,0,0,0,17
114360,72,5,139140395,2026-06-02T15:30:00.000Z,league.rs,54209203,0,0,0,0,42,42
114360,72,5,139140395,2026-06-02T15:30:00.000Z,league.rs,55135479,0,31,0,0,0,31
114360,72,5,139140395,2026-06-02T15:30:00.000Z,league.rs,55135481,48,0,0,0,0,48
114360,72,5,139140395,2026-06-02T15:30:00.000Z,league.rs,55688998,0,0,13,0,0,13
114360,72,5,139140395,2026-06-02T15:30:00.000Z,league.rs,55689011,0,0,0,6,6,12
114360,72,6,139661150,2026-06-04T15:30:00.000Z,cup,53571950,0,0,48,0,0,48
114360,72,6,139661150,2026-06-04T15:30:00.000Z,cup,53572533,0,48,0,0,0,48
114360,72,6,139661150,2026-06-04T15:30:00.000Z,cup,54208611,0,0,0,0,3,3
114360,72,6,139661150,2026-06-04T15:30:00.000Z,cup,54209203,0,0,0,48,0,48
114360,72,6,139661150,2026-06-04T15:30:00.000Z,cup,55688998,48,0,0,0,0,48
114360,72,6,139661150,2026-06-04T15:30:00.000Z,cup,55689011,0,0,0,0,45,45
114360,72,6,139140403,2026-06-06T15:30:00.000Z,league.rs,49983596,0,34,0,0,0,34
114360,72,6,139140403,2026-06-06T15:30:00.000Z,league.rs,52192805,0,0,0,41,0,41
114360,72,6,139140403,2026-06-06T15:30:00.000Z,league.rs,53571950,0,0,6,0,9,15
114360,72,6,139140403,2026-06-06T15:30:00.000Z,league.rs,53572533,0,0,0,0,39,39
114360,72,6,139140403,2026-06-06T15:30:00.000Z,league.rs,54209203,0,0,42,0,0,42
114360,72,6,139140403,2026-06-06T15:30:00.000Z,league.rs,55135479,0,14,0,0,0,14
114360,72,6,139140403,2026-06-06T15:30:00.000Z,league.rs,55135481,48,0,0,0,0,48
114360,72,6,139140403,2026-06-06T15:30:00.000Z,league.rs,55689011,0,0,0,7,0,7
114360,72,6,139140411,2026-06-09T15:30:00.000Z,league.rs,49983596,0,35,0,0,0,35
114360,72,6,139140411,2026-06-09T15:30:00.000Z,league.rs,52192805,0,0,0,42,0,42
114360,72,6,139140411,2026-06-09T15:30:00.000Z,league.rs,53571950,0,0,4,0,6,10
114360,72,6,139140411,2026-06-09T15:30:00.000Z,league.rs,53572533,0,0,0,0,42,42
114360,72,6,139140411,2026-06-09T15:30:00.000Z,league.rs,54209203,0,0,44,0,0,44
114360,72,6,139140411,2026-06-09T15:30:00.000Z,league.rs,55135479,48,0,0,0,0,48
114360,72,6,139140411,2026-06-09T15:30:00.000Z,league.rs,55135481,0,13,0,0,0,13
114360,72,6,139140411,2026-06-09T15:30:00.000Z,league.rs,55689011,0,0,0,6,0,6
114360,72,7,139675244,2026-06-11T15:30:00.000Z,cup,49983596,0,0,0,0,43,43
114360,72,7,139675244,2026-06-11T15:30:00.000Z,cup,52192805,0,0,0,41,0,41
114360,72,7,139675244,2026-06-11T15:30:00.000Z,cup,53571950,0,0,48,0,0,48
114360,72,7,139675244,2026-06-11T15:30:00.000Z,cup,54209203,0,15,0,7,3,25
114360,72,7,139675244,2026-06-11T15:30:00.000Z,cup,55135479,0,33,0,0,0,33
114360,72,7,139675244,2026-06-11T15:30:00.000Z,cup,55135481,48,0,0,0,0,48
114360,72,7,139675244,2026-06-11T15:30:00.000Z,cup,55688998,0,0,0,0,2,2
114360,72,7,139140419,2026-06-13T15:30:00.000Z,league.rs,49983596,0,0,39,0,0,39
114360,72,7,139140419,2026-06-13T15:30:00.000Z,league.rs,51693460,0,37,0,0,0,37
114360,72,7,139140419,2026-06-13T15:30:00.000Z,league.rs,52192805,0,0,0,40,0,40
114360,72,7,139140419,2026-06-13T15:30:00.000Z,league.rs,53231080,0,0,0,0,40,40
114360,72,7,139140419,2026-06-13T15:30:00.000Z,league.rs,53571950,0,0,0,8,0,8
114360,72,7,139140419,2026-06-13T15:30:00.000Z,league.rs,54209203,0,0,9,0,0,9
114360,72,7,139140419,2026-06-13T15:30:00.000Z,league.rs,55135479,11,0,0,0,0,11
114360,72,7,139140419,2026-06-13T15:30:00.000Z,league.rs,55135481,37,0,0,0,0,37
114360,72,7,139140419,2026-06-13T15:30:00.000Z,league.rs,55688998,0,11,0,0,0,11
114360,72,7,139140419,2026-06-13T15:30:00.000Z,league.rs,55689011,0,0,0,0,8,8
114360,72,8,139691760,2026-06-18T15:30:00.000Z,friendly,49983596,0,0,11,0,0,11
114360,72,8,139691760,2026-06-18T15:30:00.000Z,friendly,51693460,0,11,0,0,0,11
114360,72,8,139691760,2026-06-18T15:30:00.000Z,friendly,52192805,0,0,0,11,0,11
114360,72,8,139691760,2026-06-18T15:30:00.000Z,friendly,53231080,0,0,0,0,14,14
114360,72,8,139691760,2026-06-18T15:30:00.000Z,friendly,53571950,0,0,0,37,0,37
114360,72,8,139691760,2026-06-18T15:30:00.000Z,friendly,54209203,0,0,37,0,0,37
114360,72,8,139691760,2026-06-18T15:30:00.000Z,friendly,55135479,37,0,0,0,0,37
114360,72,8,139691760,2026-06-18T15:30:00.000Z,friendly,55135481,11,0,0,0,0,11
114360,72,8,139691760,2026-06-18T15:30:00.000Z,friendly,55688998,0,37,0,0,0,37
114360,72,8,139691760,2026-06-18T15:30:00.000Z,friendly,55689011,0,0,0,0,34,34
114360,72,8,139140427,2026-06-20T15:30:00.000Z,league.rs,49983596,0,0,35,0,0,35
114360,72,8,139140427,2026-06-20T15:30:00.000Z,league.rs,51693460,0,35,0,0,0,35
114360,72,8,139140427,2026-06-20T15:30:00.000Z,league.rs,52192805,0,0,0,35,0,35
114360,72,8,139140427,2026-06-20T15:30:00.000Z,league.rs,53231080,0,0,0,0,36,36
114360,72,8,139140427,2026-06-20T15:30:00.000Z,league.rs,53571950,0,0,0,13,0,13
114360,72,8,139140427,2026-06-20T15:30:00.000Z,league.rs,54209203,0,0,13,0,0,13
114360,72,8,139140427,2026-06-20T15:30:00.000Z,league.rs,55135481,48,0,0,0,0,48
114360,72,8,139140427,2026-06-20T15:30:00.000Z,league.rs,55688998,0,13,0,0,0,13
114360,72,8,139140427,2026-06-20T15:30:00.000Z,league.rs,55689011,0,0,0,0,12,12
114360,72,8,139140435,2026-06-23T15:30:00.000Z,league.rs,49983596,0,0,31,0,0,31
114360,72,8,139140435,2026-06-23T15:30:00.000Z,league.rs,51693460,0,27,0,0,0,27
114360,72,8,139140435,2026-06-23T15:30:00.000Z,league.rs,52192805,0,0,0,32,0,32
114360,72,8,139140435,2026-06-23T15:30:00.000Z,league.rs,53231080,0,0,0,0,31,31
114360,72,8,139140435,2026-06-23T15:30:00.000Z,league.rs,53571950,0,0,0,16,0,16
114360,72,8,139140435,2026-06-23T15:30:00.000Z,league.rs,54209203,0,0,17,0,0,17
114360,72,8,139140435,2026-06-23T15:30:00.000Z,league.rs,55135479,48,0,0,0,0,48
114360,72,8,139140435,2026-06-23T15:30:00.000Z,league.rs,55135481,0,21,0,0,0,21
114360,72,8,139140435,2026-06-23T15:30:00.000Z,league.rs,55689011,0,0,0,0,17,17
114360,72,9,139698774,2026-06-25T17:35:00.000Z,friendly,32359653,0,0,0,0,0,0
114360,72,9,139698774,2026-06-25T17:35:00.000Z,friendly,53571950,0,0,46,0,0,46
114360,72,9,139698774,2026-06-25T17:35:00.000Z,friendly,53572533,0,0,0,0,38,38
114360,72,9,139698774,2026-06-25T17:35:00.000Z,friendly,54208611,0,41,0,0,0,41
114360,72,9,139698774,2026-06-25T17:35:00.000Z,friendly,54209203,0,0,0,48,0,48
114360,72,9,139698774,2026-06-25T17:35:00.000Z,friendly,55688998,48,0,0,0,0,48
114360,72,9,139698774,2026-06-25T17:35:00.000Z,friendly,55689011,0,7,2,0,10,19
114360,72,9,139140443,2026-06-27T15:30:00.000Z,league.rs,49983596,0,0,41,0,0,41
114360,72,9,139140443,2026-06-27T15:30:00.000Z,league.rs,51693460,0,37,0,0,0,37
114360,72,9,139140443,2026-06-27T15:30:00.000Z,league.rs,52192805,0,0,0,41,0,41
114360,72,9,139140443,2026-06-27T15:30:00.000Z,league.rs,53231080,0,0,0,0,40,40
114360,72,9,139140443,2026-06-27T15:30:00.000Z,league.rs,53571950,0,0,0,7,0,7
114360,72,9,139140443,2026-06-27T15:30:00.000Z,league.rs,54209203,0,0,7,0,0,7
114360,72,9,139140443,2026-06-27T15:30:00.000Z,league.rs,55135481,48,0,0,0,0,48
114360,72,9,139140443,2026-06-27T15:30:00.000Z,league.rs,55688998,0,11,0,0,0,11
114360,72,9,139140443,2026-06-27T15:30:00.000Z,league.rs,55689011,0,0,0,0,8,8
114360,72,9,139140451,2026-06-30T15:30:00.000Z,league.rs,49983596,3,0,38,0,0,41
114360,72,9,139140451,2026-06-30T15:30:00.000Z,league.rs,51693460,0,41,0,0,0,41
114360,72,9,139140451,2026-06-30T15:30:00.000Z,league.rs,52192805,0,0,0,40,0,40
114360,72,9,139140451,2026-06-30T15:30:00.000Z,league.rs,53231080,0,0,0,0,40,40
114360,72,9,139140451,2026-06-30T15:30:00.000Z,league.rs,53571950,0,0,0,8,0,8
114360,72,9,139140451,2026-06-30T15:30:00.000Z,league.rs,54209203,0,0,10,0,0,10
114360,72,9,139140451,2026-06-30T15:30:00.000Z,league.rs,55135481,31,0,0,0,0,31
114360,72,9,139140451,2026-06-30T15:30:00.000Z,league.rs,55688998,14,7,0,0,0,21
114360,72,9,139140451,2026-06-30T15:30:00.000Z,league.rs,55689011,0,0,0,0,8,8
114360,72,10,139704501,2026-07-02T17:00:00.000Z,friendly,32359653,0,0,12,1,0,13
114360,72,10,139704501,2026-07-02T17:00:00.000Z,friendly,53571950,0,0,33,0,0,33
114360,72,10,139704501,2026-07-02T17:00:00.000Z,friendly,53572533,0,0,0,0,29,29
114360,72,10,139704501,2026-07-02T17:00:00.000Z,friendly,54208611,0,0,1,15,0,16
114360,72,10,139704501,2026-07-02T17:00:00.000Z,friendly,54209203,0,0,0,32,0,32
114360,72,10,139704501,2026-07-02T17:00:00.000Z,friendly,55135479,0,48,0,0,0,48
114360,72,10,139704501,2026-07-02T17:00:00.000Z,friendly,55688998,48,0,0,0,0,48
114360,72,10,139704501,2026-07-02T17:00:00.000Z,friendly,55689011,0,0,2,0,19,21
114360,72,10,139140459,2026-07-04T15:30:00.000Z,league.rs,49983596,0,0,30,0,0,30
114360,72,10,139140459,2026-07-04T15:30:00.000Z,league.rs,51693460,0,24,0,0,0,24
114360,72,10,139140459,2026-07-04T15:30:00.000Z,league.rs,52192805,0,0,0,30,0,30
114360,72,10,139140459,2026-07-04T15:30:00.000Z,league.rs,53231080,0,0,0,0,30,30
114360,72,10,139140459,2026-07-04T15:30:00.000Z,league.rs,53571950,0,0,0,18,0,18
114360,72,10,139140459,2026-07-04T15:30:00.000Z,league.rs,54209203,0,0,18,0,0,18
114360,72,10,139140459,2026-07-04T15:30:00.000Z,league.rs,55135479,48,0,0,0,0,48
114360,72,10,139140459,2026-07-04T15:30:00.000Z,league.rs,55135481,0,24,0,0,0,24
114360,72,10,139140459,2026-07-04T15:30:00.000Z,league.rs,55689011,0,0,0,0,18,18
114360,72,10,139140467,2026-07-07T15:30:00.000Z,league.rs,49983596,0,0,34,0,0,34
114360,72,10,139140467,2026-07-07T15:30:00.000Z,league.rs,51693460,0,33,0,0,0,33
114360,72,10,139140467,2026-07-07T15:30:00.000Z,league.rs,52192805,0,0,0,34,0,34
114360,72,10,139140467,2026-07-07T15:30:00.000Z,league.rs,53231080,0,0,0,0,17,17
114360,72,10,139140467,2026-07-07T15:30:00.000Z,league.rs,53571950,0,0,0,14,0,14
114360,72,10,139140467,2026-07-07T15:30:00.000Z,league.rs,54209203,0,0,14,0,0,14
114360,72,10,139140467,2026-07-07T15:30:00.000Z,league.rs,55135479,13,0,0,0,0,13
114360,72,10,139140467,2026-07-07T15:30:00.000Z,league.rs,55135481,35,0,0,0,0,35
114360,72,10,139140467,2026-07-07T15:30:00.000Z,league.rs,55688998,0,15,0,0,0,15
114360,72,10,139140467,2026-07-07T15:30:00.000Z,league.rs,55689011,0,0,0,0,31,31
114360,72,11,139712259,2026-07-09T15:30:00.000Z,friendly,32359653,0,0,4,0,0,4
114360,72,11,139712259,2026-07-09T15:30:00.000Z,friendly,53231080,0,0,0,0,33,33
114360,72,11,139712259,2026-07-09T15:30:00.000Z,friendly,53571950,0,0,39,0,0,39
114360,72,11,139712259,2026-07-09T15:30:00.000Z,friendly,53572533,0,0,0,36,0,36
114360,72,11,139712259,2026-07-09T15:30:00.000Z,friendly,54208611,0,0,0,12,0,12
114360,72,11,139712259,2026-07-09T15:30:00.000Z,friendly,54209203,0,48,0,0,0,48
114360,72,11,139712259,2026-07-09T15:30:00.000Z,friendly,55688998,48,0,0,0,0,48
114360,72,11,139712259,2026-07-09T15:30:00.000Z,friendly,55689011,0,0,5,0,15,20
114360,72,11,139140473,2026-07-11T15:30:00.000Z,league.rs,49983596,0,0,38,0,0,38
114360,72,11,139140473,2026-07-11T15:30:00.000Z,league.rs,51693460,0,39,0,0,0,39
114360,72,11,139140473,2026-07-11T15:30:00.000Z,league.rs,52192805,0,0,0,37,0,37
114360,72,11,139140473,2026-07-11T15:30:00.000Z,league.rs,53231080,0,0,0,0,39,39
114360,72,11,139140473,2026-07-11T15:30:00.000Z,league.rs,53571950,0,0,0,11,0,11
114360,72,11,139140473,2026-07-11T15:30:00.000Z,league.rs,54209203,0,0,10,0,0,10
114360,72,11,139140473,2026-07-11T15:30:00.000Z,league.rs,55135479,48,0,0,0,0,48
114360,72,11,139140473,2026-07-11T15:30:00.000Z,league.rs,55688998,0,9,0,0,0,9
114360,72,11,139140473,2026-07-11T15:30:00.000Z,league.rs,55689011,0,0,0,0,9,9
114360,72,11,139140482,2026-07-14T15:30:00.000Z,league.rs,49983596,0,0,40,0,0,40
114360,72,11,139140482,2026-07-14T15:30:00.000Z,league.rs,51693460,0,38,0,0,0,38
114360,72,11,139140482,2026-07-14T15:30:00.000Z,league.rs,52192805,0,0,0,40,0,40
114360,72,11,139140482,2026-07-14T15:30:00.000Z,league.rs,53231080,0,0,0,0,38,38
114360,72,11,139140482,2026-07-14T15:30:00.000Z,league.rs,53571950,0,0,0,8,0,8
114360,72,11,139140482,2026-07-14T15:30:00.000Z,league.rs,54209203,0,0,8,0,0,8
114360,72,11,139140482,2026-07-14T15:30:00.000Z,league.rs,55135481,48,0,0,0,0,48
114360,72,11,139140482,2026-07-14T15:30:00.000Z,league.rs,55688998,0,10,0,0,0,10
114360,72,11,139140482,2026-07-14T15:30:00.000Z,league.rs,55689011,0,0,0,0,10,10
114360,72,12,139717338,2026-07-16T15:30:00.000Z,friendly,32359653,0,0,9,3,0,12
114360,72,12,139717338,2026-07-16T15:30:00.000Z,friendly,53571950,0,0,39,0,0,39
114360,72,12,139717338,2026-07-16T15:30:00.000Z,friendly,53572533,0,0,0,0,28,28
114360,72,12,139717338,2026-07-16T15:30:00.000Z,friendly,54208611,0,43,0,0,0,43
114360,72,12,139717338,2026-07-16T15:30:00.000Z,friendly,54209203,0,0,0,45,0,45
114360,72,12,139717338,2026-07-16T15:30:00.000Z,friendly,55688998,48,0,0,0,0,48
114360,72,12,139717338,2026-07-16T15:30:00.000Z,friendly,55689011,0,5,0,0,20,25
114360,72,12,139140490,2026-07-18T15:30:00.000Z,league.rs.tv,49983596,0,0,40,0,0,40
114360,72,12,139140490,2026-07-18T15:30:00.000Z,league.rs.tv,51693460,0,38,2,0,0,40
114360,72,12,139140490,2026-07-18T15:30:00.000Z,league.rs.tv,52192805,0,0,0,39,0,39
114360,72,12,139140490,2026-07-18T15:30:00.000Z,league.rs.tv,53231080,0,0,0,0,41,41
114360,72,12,139140490,2026-07-18T15:30:00.000Z,league.rs.tv,53571950,0,0,0,9,0,9
114360,72,12,139140490,2026-07-18T15:30:00.000Z,league.rs.tv,54209203,0,0,6,0,0,6
114360,72,12,139140490,2026-07-18T15:30:00.000Z,league.rs.tv,55135481,48,0,0,0,0,48
114360,72,12,139140490,2026-07-18T15:30:00.000Z,league.rs.tv,55688998,0,10,0,0,0,10
114360,72,12,139140490,2026-07-18T15:30:00.000Z,league.rs.tv,55689011,0,0,0,0,7,7
114360,72,12,139743728,2026-07-21T15:30:00.000Z,league.relegation,49983596,0,0,40,0,0,40
114360,72,12,139743728,2026-07-21T15:30:00.000Z,league.relegation,51693460,0,38,0,0,0,38
114360,72,12,139743728,2026-07-21T15:30:00.000Z,league.relegation,52192805,0,0,0,41,0,41
114360,72,12,139743728,2026-07-21T15:30:00.000Z,league.relegation,53231080,0,0,0,0,40,40
114360,72,12,139743728,2026-07-21T15:30:00.000Z,league.relegation,53571950,0,0,0,7,0,7
114360,72,12,139743728,2026-07-21T15:30:00.000Z,league.relegation,54209203,0,0,8,0,0,8
114360,72,12,139743728,2026-07-21T15:30:00.000Z,league.relegation,55135479,48,0,0,0,0,48
114360,72,12,139743728,2026-07-21T15:30:00.000Z,league.relegation,55688998,0,10,0,0,0,10
114360,72,12,139743728,2026-07-21T15:30:00.000Z,league.relegation,55689011,0,0,0,0,8,8
114360,72,13,139725760,2026-07-23T15:30:00.000Z,friendly,32359653,0,0,0,0,0,0
114360,72,13,139725760,2026-07-23T15:30:00.000Z,friendly,53571950,0,0,44,0,0,44
114360,72,13,139725760,2026-07-23T15:30:00.000Z,friendly,53572533,0,0,0,0,39,39
114360,72,13,139725760,2026-07-23T15:30:00.000Z,friendly,54208611,0,43,0,0,0,43
114360,72,13,139725760,2026-07-23T15:30:00.000Z,friendly,54209203,0,0,0,48,0,48
114360,72,13,139725760,2026-07-23T15:30:00.000Z,friendly,55688998,48,0,0,0,0,48
114360,72,13,139725760,2026-07-23T15:30:00.000Z,friendly,55689011,0,5,4,0,9,18
114360,72,13,139743729,2026-07-25T15:30:00.000Z,league.relegation,49983596,0,0,40,0,0,40
114360,72,13,139743729,2026-07-25T15:30:00.000Z,league.relegation,51693460,0,38,0,0,0,38
114360,72,13,139743729,2026-07-25T15:30:00.000Z,league.relegation,52192805,0,0,0,40,0,40
114360,72,13,139743729,2026-07-25T15:30:00.000Z,league.relegation,53231080,0,0,0,0,40,40
114360,72,13,139743729,2026-07-25T15:30:00.000Z,league.relegation,54209203,0,0,0,8,0,8
114360,72,13,139743729,2026-07-25T15:30:00.000Z,league.relegation,55135479,0,0,8,0,0,8
114360,72,13,139743729,2026-07-25T15:30:00.000Z,league.relegation,55135481,48,0,0,0,0,48
114360,72,13,139743729,2026-07-25T15:30:00.000Z,league.relegation,55688998,0,10,0,0,0,10
114360,72,13,139743729,2026-07-25T15:30:00.000Z,league.relegation,55689011,0,0,0,0,8,8
114360,72,14,139804610,2026-07-30T15:30:00.000Z,friendly,51693460,0,1,31,0,0,32
114360,72,14,139804610,2026-07-30T15:30:00.000Z,friendly,52192805,0,0,0,31,0,31
114360,72,14,139804610,2026-07-30T15:30:00.000Z,friendly,53231080,0,0,0,0,31,31
114360,72,14,139804610,2026-07-30T15:30:00.000Z,friendly,53571950,0,0,0,17,0,17
114360,72,14,139804610,2026-07-30T15:30:00.000Z,friendly,54209203,0,0,17,0,0,17
114360,72,14,139804610,2026-07-30T15:30:00.000Z,friendly,55135479,48,0,0,0,0,48
114360,72,14,139804610,2026-07-30T15:30:00.000Z,friendly,55688998,0,47,0,0,0,47
114360,72,14,139804610,2026-07-30T15:30:00.000Z,friendly,55689011,0,0,0,0,17,17
114360,72,14,139817633,2026-08-01T15:30:00.000Z,friendly,51693460,1,41,0,0,0,42
114360,72,14,139817633,2026-08-01T15:30:00.000Z,friendly,52192805,0,0,0,42,0,42
114360,72,14,139817633,2026-08-01T15:30:00.000Z,friendly,53231080,0,0,0,0,41,41
114360,72,14,139817633,2026-08-01T15:30:00.000Z,friendly,53571950,17,0,0,6,0,23
114360,72,14,139817633,2026-08-01T15:30:00.000Z,friendly,54209203,0,0,48,0,0,48
114360,72,14,139817633,2026-08-01T15:30:00.000Z,friendly,55688998,30,7,0,0,0,37
114360,72,14,139817633,2026-08-01T15:30:00.000Z,friendly,55689011,0,0,0,0,7,7
114360,73,1,139849200,2026-08-06T08:00:00.000Z,friendly,51693460,0,0,38,0,0,38
114360,73,1,139849200,2026-08-06T08:00:00.000Z,friendly,52192511,0,0,0,0,47,47
114360,73,1,139849200,2026-08-06T08:00:00.000Z,friendly,52192805,0,0,0,35,0,35
114360,73,1,139849200,2026-08-06T08:00:00.000Z,friendly,53231080,0,0,0,13,1,14
114360,73,1,139849200,2026-08-06T08:00:00.000Z,friendly,54209203,0,0,10,0,0,10
114360,73,1,139849200,2026-08-06T08:00:00.000Z,friendly,55135479,48,0,0,0,0,48
114360,73,1,139849200,2026-08-06T08:00:00.000Z,friendly,55967391,0,48,0,0,0,48
276888,69,1,135195029,2025-07-10T17:00:00.000Z,friendly,48998989,0,47,0,0,0,47
276888,69,1,135195029,2025-07-10T17:00:00.000Z,friendly,50891529,0,0,48,0,0,48
276888,69,1,135195029,2025-07-10T17:00:00.000Z,friendly,53253305,0,1,0,0,0,1
276888,69,1,135195029,2025-07-10T17:00:00.000Z,friendly,53594469,48,0,0,0,0,48
276888,69,1,135195029,2025-07-10T17:00:00.000Z,friendly,54516150,0,0,0,48,0,48
276888,69,1,135195029,2025-07-10T17:00:00.000Z,friendly,54538061,0,0,0,0,0,0
276888,69,1,135195029,2025-07-10T17:00:00.000Z,friendly,54538565,0,0,0,0,48,48
276888,69,1,136176021,2025-07-12T16:00:00.000Z,league.rs,48998989,0,40,0,0,0,40
276888,69,1,136176021,2025-07-12T16:00:00.000Z,league.rs,50891529,0,0,40,0,0,40
276888,69,1,136176021,2025-07-12T16:00:00.000Z,league.rs,51210546,0,4,0,0,23,27
276888,69,1,136176021,2025-07-12T16:00:00.000Z,league.rs,53253305,0,0,0,48,0,48
276888,69,1,136176021,2025-07-12T16:00:00.000Z,league.rs,53594469,0,0,8,0,11,19
276888,69,1,136176021,2025-07-12T16:00:00.000Z,league.rs,54516150,48,0,0,0,0,48
276888,69,1,136176021,2025-07-12T16:00:00.000Z,league.rs,54538061,0,4,0,0,15,19
276888,69,2,136176028,2025-07-15T15:30:00.000Z,league.rs,48998989,0,40,0,2,0,42
276888,69,2,136176028,2025-07-15T15:30:00.000Z,league.rs,50891529,0,0,41,0,0,41
276888,69,2,136176028,2025-07-15T15:30:00.000Z,league.rs,51210546,0,3,0,9,21,33
276888,69,2,136176028,2025-07-15T15:30:00.000Z,league.rs,53253305,0,0,0,29,0,29
276888,69,2,136176028,2025-07-15T15:30:00.000Z,league.rs,53594469,0,4,7,2,13,26
276888,69,2,136176028,2025-07-15T15:30:00.000Z,league.rs,54538061,0,2,0,4,15,21
276888,69,2,136176028,2025-07-15T15:30:00.000Z,league.rs,54538565,48,0,0,0,0,48
276888,69,2,136163197,2025-07-17T15:30:00.000Z,cup,54231090,0,0,0,48,0,48
276888,69,2,136163197,2025-07-17T15:30:00.000Z,cup,54538044,0,0,0,0,48,48
276888,69,2,136163197,2025-07-17T15:30:00.000Z,cup,54849451,0,48,0,0,0,48
276888,69,2,136163197,2025-07-17T15:30:00.000Z,cup,54849455,0,0,48,0,0,48
276888,69,2,136163197,2025-07-17T15:30:00.000Z,cup,54849475,48,0,0,0,0,48
276888,69,2,136176035,2025-07-19T14:00:00.000Z,league.rs.tv,48998989,0,39,0,0,0,39
276888,69,2,136176035,2025-07-19T14:00:00.000Z,league.rs.tv,50891529,0,0,42,0,0,42
276888,69,2,136176035,2025-07-19T14:00:00.000Z,league.rs.tv,51210546,0,5,0,0,22,27
276888,69,2,136176035,2025-07-19T14:00:00.000Z,league.rs.tv,53253305,0,0,0,48,0,48
276888,69,2,136176035,2025-07-19T14:00:00.000Z,league.rs.tv,53594469,0,0,6,0,15,21
276888,69,2,136176035,2025-07-19T14:00:00.000Z,league.rs.tv,54516150,48,0,0,0,0,48
276888,69,2,136176035,2025-07-19T14:00:00.000Z,league.rs.tv,54538061,0,3,0,0,12,15
276888,69,3,136176042,2025-07-22T15:30:00.000Z,league.rs,48998989,0,42,0,0,0,42
276888,69,3,136176042,2025-07-22T15:30:00.000Z,league.rs,50891529,0,1,28,0,7,36
276888,69,3,136176042,2025-07-22T15:30:00.000Z,league.rs,51210546,14,0,0,0,14,28
276888,69,3,136176042,2025-07-22T15:30:00.000Z,league.rs,53253305,0,1,0,47,0,48
276888,69,3,136176042,2025-07-22T15:30:00.000Z,league.rs,53594469,0,0,20,0,14,34
276888,69,3,136176042,2025-07-22T15:30:00.000Z,league.rs,54538061,0,1,0,1,13,15
276888,69,3,136176042,2025-07-22T15:30:00.000Z,league.rs,54538565,34,4,0,0,0,38
276888,69,3,136236091,2025-07-24T15:30:00.000Z,cup,54231090,0,0,0,48,0,48
276888,69,3,136236091,2025-07-24T15:30:00.000Z,cup,54538044,0,0,0,0,48,48
276888,69,3,136236091,2025-07-24T15:30:00.000Z,cup,54849451,0,48,0,0,0,48
276888,69,3,136236091,2025-07-24T15:30:00.000Z,cup,54849455,0,0,48,0,0,48
276888,69,3,136236091,2025-07-24T15:30:00.000Z,cup,54849475,48,0,0,0,0,48
276888,69,3,136176053,2025-07-26T23:00:00.000Z,league.rs,48998989,0,42,0,0,0,42
276888,69,3,136176053,2025-07-26T23:00:00.000Z,league.rs,50891529,0,0,45,0,0,45
276888,69,3,136176053,2025-07-26T23:00:00.000Z,league.rs,53253305,0,6,3,0,0,9
276888,69,3,136176053,2025-07-26T23:00:00.000Z,league.rs,53594469,48,0,0,0,0,48
276888,69,3,136176053,2025-07-26T23:00:00.000Z,league.rs,54516150,0,0,0,0,48,48
276888,69,3,136176053,2025-07-26T23:00:00.000Z,league.rs,54538061,0,0,0,48,0,48
276888,69,4,136176060,2025-07-29T15:30:00.000Z,league.rs,48998989,0,42,0,0,0,42
276888,69,4,136176060,2025-07-29T15:30:00.000Z,league.rs,50891529,0,0,43,0,0,43
276888,69,4,136176060,2025-07-29T15:30:00.000Z,league.rs,53253305,0,6,5,0,0,11
276888,69,4,136176060,2025-07-29T15:30:00.000Z,league.rs,53594469,48,0,0,0,0,48
276888,69,4,136176060,2025-07-29T15:30:00.000Z,league.rs,54538061,0,0,0,48,0,48
276888,69,4,136176060,2025-07-29T15:30:00.000Z,league.rs,54538565,0,0,0,0,48,48
276888,69,4,136255353,2025-08-01T00:00:00.000Z,friendly,54231090,0,0,0,48,0,48
276888,69,4,136255353,2025-08-01T00:00:00.000Z,friendly,54538044,0,0,0,0,48,48
276888,69,4,136255353,2025-08-01T00:00:00.000Z,friendly,54849451,0,48,0,0,0,48
276888,69,4,136255353,2025-08-01T00:00:00.000Z,friendly,54849455,0,0,48,0,0,48
276888,69,4,136255353,2025-08-01T00:00:00.000Z,friendly,54849475,48,0,0,0,0,48
276888,69,4,136176069,2025-08-02T23:00:00.000Z,league.rs,48998989,0,41,0,0,0,41
276888,69,4,136176069,2025-08-02T23:00:00.000Z,league.rs,50891529,0,0,42,0,0,42
276888,69,4,136176069,2025-08-02T23:00:00.000Z,league.rs,53253305,0,7,6,0,0,13
276888,69,4,136176069,2025-08-02T23:00:00.000Z,league.rs,53594469,48,0,0,0,0,48
276888,69,4,136176069,2025-08-02T23:00:00.000Z,league.rs,54516150,0,0,0,0,48,48
276888,69,4,136176069,2025-08-02T23:00:00.000Z,league.rs,54538061,0,0,0,48,0,48
276888,69,5,136176081,2025-08-06T00:00:00.000Z,league.rs.tv,48998989,0,39,0,0,0,39
276888,69,5,136176081,2025-08-06T00:00:00.000Z,league.rs.tv,50891529,0,0,41,0,0,41
276888,69,5,136176081,2025-08-06T00:00:00.000Z,league.rs.tv,53253305,0,4,4,0,0,8
276888,69,5,136176081,2025-08-06T00:00:00.000Z,league.rs.tv,53594469,48,0,0,0,0,48
276888,69,5,136176081,2025-08-06T00:00:00.000Z,league.rs.tv,54538044,0,4,3,0,0,7
276888,69,5,136176081,2025-08-06T00:00:00.000Z,league.rs.tv,54538061,0,0,0,48,0,48
276888,69,5,136176081,2025-08-06T00:00:00.000Z,league.rs.tv,54538565,0,0,0,0,48,48
276888,69,5,136176081,2025-08-06T00:00:00.000Z,league.rs.tv,54849475,0,1,0,0,0,1
276888,69,5,136176089,2025-08-09T15:30:00.000Z,league.rs,48998989,0,47,0,0,0,47
276888,69,5,136176089,2025-08-09T15:30:00.000Z,league.rs,50891529,0,0,46,0,0,46
276888,69,5,136176089,2025-08-09T15:30:00.000Z,league.rs,53253305,8,1,2,0,0,11
276888,69,5,136176089,2025-08-09T15:30:00.000Z,league.rs,53594469,40,0,0,0,0,40
276888,69,5,136176089,2025-08-09T15:30:00.000Z,league.rs,54516150,0,0,0,0,48,48
276888,69,5,136176089,2025-08-09T15:30:00.000Z,league.rs,54538061,0,0,0,48,0,48
276888,69,6,136176097,2025-08-12T23:00:00.000Z,league.rs,48998989,0,43,0,0,0,43
276888,69,6,136176097,2025-08-12T23:00:00.000Z,league.rs,50891529,0,0,44,0,0,44
276888,69,6,136176097,2025-08-12T23:00:00.000Z,league.rs,53253305,0,5,4,0,0,9
276888,69,6,136176097,2025-08-12T23:00:00.000Z,league.rs,53594469,48,0,0,0,0,48
276888,69,6,136176097,2025-08-12T23:00:00.000Z,league.rs,54538061,0,0,0,48,0,48
276888,69,6,136176097,2025-08-12T23:00:00.000Z,league.rs,54538565,0,0,0,0,48,48
276888,69,6,136176105,2025-08-16T15:30:00.000Z,league.rs,48998989,0,16,0,0,0,16
276888,69,6,136176105,2025-08-16T15:30:00.000Z,league.rs,50891529,0,0,48,0,0,48
276888,69,6,136176105,2025-08-16T15:30:00.000Z,league.rs,53253305,0,32,0,0,0,32
276888,69,6,136176105,2025-08-16T15:30:00.000Z,league.rs,53594469,48,0,0,0,0,48
276888,69,6,136176105,2025-08-16T15:30:00.000Z,league.rs,54516150,0,0,0,0,48,48
276888,69,6,136176105,2025-08-16T15:30:00.000Z,league.rs,54538061,0,0,0,48,0,48
276888,69,7,136176113,2025-08-19T17:30:00.000Z,league.rs,50891529,0,0,48,0,0,48
276888,69,7,136176113,2025-08-19T17:30:00.000Z,league.rs,53253305,0,48,0,0,0,48
276888,69,7,136176113,2025-08-19T17:30:00.000Z,league.rs,53594469,48,0,0,0,0,48
276888,69,7,136176113,2025-08-19T17:30:00.000Z,league.rs,54538061,0,0,0,46,0,46
276888,69,7,136176113,2025-08-19T17:30:00.000Z,league.rs,54538565,0,0,0,0,48,48
276888,69,7,136176121,2025-08-23T15:30:00.000Z,league.rs,50891529,0,0,39,0,0,39
276888,69,7,136176121,2025-08-23T15:30:00.000Z,league.rs,53253305,0,0,9,0,0,9
276888,69,7,136176121,2025-08-23T15:30:00.000Z,league.rs,53594469,48,0,0,0,0,48
276888,69,7,136176121,2025-08-23T15:30:00.000Z,league.rs,53919658,0,48,0,0,0,48
276888,69,7,136176121,2025-08-23T15:30:00.000Z,league.rs,54538061,0,0,0,48,0,48
276888,69,7,136176121,2025-08-23T15:30:00.000Z,league.rs,54538565,0,0,0,0,48,48
276888,69,8,136309383,2025-08-28T18:00:00.000Z,friendly,50891529,0,0,48,0,0,48
276888,69,8,136309383,2025-08-28T18:00:00.000Z,friendly,53253305,0,48,0,0,0,48
276888,69,8,136309383,2025-08-28T18:00:00.000Z,friendly,53594469,48,0,0,0,0,48
276888,69,8,136309383,2025-08-28T18:00:00.000Z,friendly,54516150,0,0,0,0,48,48
276888,69,8,136309383,2025-08-28T18:00:00.000Z,friendly,54538061,0,0,0,48,0,48
276888,69,8,136176129,2025-08-30T23:00:00.000Z,league.rs,50891529,0,0,48,0,0,48
276888,69,8,136176129,2025-08-30T23:00:00.000Z,league.rs,53253305,10,38,0,0,0,48
276888,69,8,136176129,2025-08-30T23:00:00.000Z,league.rs,53594469,38,0,0,0,0,38
276888,69,8,136176129,2025-08-30T23:00:00.000Z,league.rs,54516150,0,0,0,0,45,45
276888,69,8,136176129,2025-08-30T23:00:00.000Z,league.rs,54538061,0,0,0,48,0,48
276888,69,9,136176137,2025-09-02T15:30:00.000Z,league.rs,50891529,0,0,48,0,0,48
276888,69,9,136176137,2025-09-02T15:30:00.000Z,league.rs,53253305,48,0,0,0,0,48
276888,69,9,136176137,2025-09-02T15:30:00.000Z,league.rs,54538061,0,0,0,42,0,42
276888,69,9,136176137,2025-09-02T15:30:00.000Z,league.rs,54538565,0,0,0,0,31,31
276888,69,9,136176141,2025-09-06T15:30:00.000Z,league.rs,48998989,0,48,0,0,0,48
276888,69,9,136176141,2025-09-06T15:30:00.000Z,league.rs,50891529,0,0,48,0,0,48
276888,69,9,136176141,2025-09-06T15:30:00.000Z,league.rs,53253305,48,0,0,0,0,48
276888,69,9,136176141,2025-09-06T15:30:00.000Z,league.rs,54516150,0,0,0,0,48,48
276888,69,9,136176141,2025-09-06T15:30:00.000Z,league.rs,54538061,0,0,0,48,0,48
276888,69,10,136176148,2025-09-09T10:00:00.000Z,league.rs,48998989,0,45,0,0,0,45
276888,69,10,136176148,2025-09-09T10:00:00.000Z,league.rs,50891529,0,0,42,0,0,42
276888,69,10,136176148,2025-09-09T10:00:00.000Z,league.rs,53253305,26,3,6,0,0,35
276888,69,10,136176148,2025-09-09T10:00:00.000Z,league.rs,54516150,22,0,0,0,0,22
276888,69,10,136176148,2025-09-09T10:00:00.000Z,league.rs,54538061,0,0,0,48,0,48
276888,69,10,136176148,2025-09-09T10:00:00.000Z,league.rs,54538565,0,0,0,0,48,48
276888,69,10,136176155,2025-09-13T15:30:00.000Z,league.rs.tv,48998989,0,43,0,0,0,43
276888,69,10,136176155,2025-09-13T15:30:00.000Z,league.rs.tv,50891529,0,0,43,0,0,43
276888,69,10,136176155,2025-09-13T15:30:00.000Z,league.rs.tv,53253305,0,5,5,0,0,10
276888,69,10,136176155,2025-09-13T15:30:00.000Z,league.rs.tv,53594469,48,0,0,0,0,48
276888,69,10,136176155,2025-09-13T15:30:00.000Z,league.rs.tv,54516150,0,0,0,0,48,48
276888,69,10,136176155,2025-09-13T15:30:00.000Z,league.rs.tv,54538061,0,0,0,48,0,48
276888,69,11,136176162,2025-09-16T12:00:00.000Z,league.rs,50891529,0,0,41,0,0,41
276888,69,11,136176162,2025-09-16T12:00:00.000Z,league.rs,53253305,10,0,4,0,0,14
276888,69,11,136176162,2025-09-16T12:00:00.000Z,league.rs,53919658,0,47,0,0,0,47
276888,69,11,136176162,2025-09-16T12:00:00.000Z,league.rs,54538061,0,0,0,48,0,48
276888,69,11,136176162,2025-09-16T12:00:00.000Z,league.rs,54538565,0,0,0,0,48,48
276888,69,11,136176162,2025-09-16T12:00:00.000Z,league.rs,54849451,38,1,4,0,0,43
276888,69,11,136176173,2025-09-20T15:30:00.000Z,league.rs,48998989,0,44,0,0,0,44
276888,69,11,136176173,2025-09-20T15:30:00.000Z,league.rs,50891529,0,0,43,0,0,43
276888,69,11,136176173,2025-09-20T15:30:00.000Z,league.rs,53253305,0,4,5,0,0,9
276888,69,11,136176173,2025-09-20T15:30:00.000Z,league.rs,53594469,48,0,0,0,0,48
276888,69,11,136176173,2025-09-20T15:30:00.000Z,league.rs,54516150,0,0,0,0,48,48
276888,69,11,136176173,2025-09-20T15:30:00.000Z,league.rs,54538061,0,0,0,48,0,48
276888,69,12,136176180,2025-09-23T23:00:00.000Z,league.rs,48998989,0,39,0,0,0,39
276888,69,12,136176180,2025-09-23T23:00:00.000Z,league.rs,50891529,0,0,45,0,0,45
276888,69,12,136176180,2025-09-23T23:00:00.000Z,league.rs,53253305,0,9,3,0,0,12
276888,69,12,136176180,2025-09-23T23:00:00.000Z,league.rs,53594469,48,0,0,0,0,48
276888,69,12,136176180,2025-09-23T23:00:00.000Z,league.rs,54538061,0,0,0,48,0,48
276888,69,12,136176180,2025-09-23T23:00:00.000Z,league.rs,54538565,0,0,0,0,48,48
276888,69,12,136176189,2025-09-27T15:30:00.000Z,league.rs,48998989,0,44,0,0,0,44
276888,69,12,136176189,2025-09-27T15:30:00.000Z,league.rs,50891529,0,0,44,0,0,44
276888,69,12,136176189,2025-09-27T15:30:00.000Z,league.rs,53253305,0,4,4,0,2,10
276888,69,12,136176189,2025-09-27T15:30:00.000Z,league.rs,53594469,48,0,0,0,0,48
276888,69,12,136176189,2025-09-27T15:30:00.000Z,league.rs,54516150,0,0,0,0,46,46
276888,69,12,136176189,2025-09-27T15:30:00.000Z,league.rs,54538061,0,0,0,48,0,48
276888,69,13,136416857,2025-10-02T15:30:00.000Z,friendly,48998989,0,47,0,0,0,47
276888,69,13,136416857,2025-10-02T15:30:00.000Z,friendly,50891529,0,0,48,0,0,48
276888,69,13,136416857,2025-10-02T15:30:00.000Z,friendly,53253305,0,1,0,0,0,1
276888,69,13,136416857,2025-10-02T15:30:00.000Z,friendly,53594469,48,0,0,0,0,48
276888,69,13,136416857,2025-10-02T15:30:00.000Z,friendly,54538061,0,0,0,48,0,48
276888,69,13,136416857,2025-10-02T15:30:00.000Z,friendly,54538565,0,0,0,0,48,48
276888,69,13,136444720,2025-10-05T01:00:00.000Z,friendly,48998989,0,48,0,0,0,48
276888,69,13,136444720,2025-10-05T01:00:00.000Z,friendly,50891529,0,0,48,0,0,48
276888,69,13,136444720,2025-10-05T01:00:00.000Z,friendly,53253305,8,0,0,0,9,17
276888,69,13,136444720,2025-10-05T01:00:00.000Z,friendly,53594469,40,0,0,0,0,40
276888,69,13,136444720,2025-10-05T01:00:00.000Z,friendly,54516150,0,0,0,0,30,30
276888,69,13,136444720,2025-10-05T01:00:00.000Z,friendly,54538061,0,0,0,48,0,48
276888,69,14,136504376,2025-10-09T15:30:00.000Z,friendly,48998989,0,43,0,0,0,43
276888,69,14,136504376,2025-10-09T15:30:00.000Z,friendly,50891529,0,0,48,0,0,48
276888,69,14,136504376,2025-10-09T15:30:00.000Z,friendly,53253305,0,5,0,0,0,5
276888,69,14,136504376,2025-10-09T15:30:00.000Z,friendly,53594469,48,0,0,0,0,48
276888,69,14,136504376,2025-10-09T15:30:00.000Z,friendly,54516150,0,0,0,0,48,48
276888,69,14,136504376,2025-10-09T15:30:00.000Z,friendly,54538061,0,0,0,48,0,48
276888,69,14,136503607,2025-10-12T01:00:00.000Z,friendly,48998989,0,47,0,0,0,47
276888,69,14,136503607,2025-10-12T01:00:00.000Z,friendly,50891529,0,0,48,0,0,48
276888,69,14,136503607,2025-10-12T01:00:00.000Z,friendly,53253305,0,1,0,0,0,1
276888,69,14,136503607,2025-10-12T01:00:00.000Z,friendly,53594469,48,0,0,0,0,48
276888,69,14,136503607,2025-10-12T01:00:00.000Z,friendly,54516150,0,0,0,0,48,48
276888,69,14,136503607,2025-10-12T01:00:00.000Z,friendly,54538061,0,0,0,48,0,48
276888,70,1,137490183,2025-10-18T15:30:00.000Z,league.rs,48998989,0,46,0,0,0,46
276888,70,1,137490183,2025-10-18T15:30:00.000Z,league.rs,50891529,0,0,47,0,0,47
276888,70,1,137490183,2025-10-18T15:30:00.000Z,league.rs,53253305,22,2,1,0,0,25
276888,70,1,137490183,2025-10-18T15:30:00.000Z,league.rs,53594469,26,0,0,0,0,26
276888,70,1,137490183,2025-10-18T15:30:00.000Z,league.rs,54516150,0,0,0,0,48,48
276888,70,1,137490183,2025-10-18T15:30:00.000Z,league.rs,54538061,0,0,0,48,0,48
276888,70,2,137490191,2025-10-21T19:00:00.000Z,league.rs.tv,48998989,0,45,0,0,0,45
276888,70,2,137490191,2025-10-21T19:00:00.000Z,league.rs.tv,50891529,0,0,43,0,0,43
276888,70,2,137490191,2025-10-21T19:00:00.000Z,league.rs.tv,53253305,0,3,5,0,0,8
276888,70,2,137490191,2025-10-21T19:00:00.000Z,league.rs.tv,53594469,48,0,0,0,0,48
276888,70,2,137490191,2025-10-21T19:00:00.000Z,league.rs.tv,54516150,0,0,0,0,48,48
276888,70,2,137490191,2025-10-21T19:00:00.000Z,league.rs.tv,54538061,0,0,0,48,0,48
276888,70,2,137477756,2025-10-23T15:30:00.000Z,cup,50891529,0,0,41,0,0,41
276888,70,2,137477756,2025-10-23T15:30:00.000Z,cup,53253305,0,0,7,0,0,7
276888,70,2,137477756,2025-10-23T15:30:00.000Z,cup,53919658,0,48,0,0,0,48
276888,70,2,137477756,2025-10-23T15:30:00.000Z,cup,54538061,0,0,0,48,0,48
276888,70,2,137477756,2025-10-23T15:30:00.000Z,cup,54538565,0,0,0,0,48,48
276888,70,2,137477756,2025-10-23T15:30:00.000Z,cup,54849451,48,0,0,0,0,48
276888,70,2,137490199,2025-10-25T15:30:00.000Z,league.rs,48998989,0,41,0,0,0,41
276888,70,2,137490199,2025-10-25T15:30:00.000Z,league.rs,50891529,0,0,44,0,0,44
276888,70,2,137490199,2025-10-25T15:30:00.000Z,league.rs,53253305,0,7,4,0,0,11
276888,70,2,137490199,2025-10-25T15:30:00.000Z,league.rs,53594469,48,0,0,0,0,48
276888,70,2,137490199,2025-10-25T15:30:00.000Z,league.rs,54516150,0,0,0,0,48,48
276888,70,2,137490199,2025-10-25T15:30:00.000Z,league.rs,54538061,0,0,0,48,0,48
276888,70,2,137490207,2025-10-28T10:00:00.000Z,league.rs,50891529,0,0,41,0,0,41
276888,70,2,137490207,2025-10-28T10:00:00.000Z,league.rs,53253305,0,0,7,0,0,7
276888,70,2,137490207,2025-10-28T10:00:00.000Z,league.rs,53919658,0,48,0,0,0,48
276888,70,2,137490207,2025-10-28T10:00:00.000Z,league.rs,54538061,0,0,0,48,0,48
276888,70,2,137490207,2025-10-28T10:00:00.000Z,league.rs,54538565,0,0,0,0,48,48
276888,70,2,137490207,2025-10-28T10:00:00.000Z,league.rs,54849451,48,0,0,0,0,48
276888,70,3,137490215,2025-11-01T15:30:00.000Z,league.rs,50891529,0,0,13,24,0,37
276888,70,3,137490215,2025-11-01T15:30:00.000Z,league.rs,51210546,29,0,0,0,0,29
276888,70,3,137490215,2025-11-01T15:30:00.000Z,league.rs,53919658,0,0,0,24,0,24
276888,70,3,137490215,2025-11-01T15:30:00.000Z,league.rs,54231090,0,0,35,0,0,35
276888,70,3,137490215,2025-11-01T15:30:00.000Z,league.rs,54516150,0,0,0,0,48,48
276888,70,3,137490215,2025-11-01T15:30:00.000Z,league.rs,54849455,0,38,0,0,0,38
276888,70,3,137490215,2025-11-01T15:30:00.000Z,league.rs,54849475,19,10,0,0,0,29
276888,70,4,137490223,2025-11-04T15:00:00.000Z,league.rs,50891529,0,0,2,31,0,33
276888,70,4,137490223,2025-11-04T15:00:00.000Z,league.rs,51210546,32,0,0,0,0,32
276888,70,4,137490223,2025-11-04T15:00:00.000Z,league.rs,53919658,0,0,0,17,0,17
276888,70,4,137490223,2025-11-04T15:00:00.000Z,league.rs,54231090,0,0,46,0,0,46
276888,70,4,137490223,2025-11-04T15:00:00.000Z,league.rs,54538565,0,0,0,0,48,48
276888,70,4,137490223,2025-11-04T15:00:00.000Z,league.rs,54849455,0,41,0,0,0,41
276888,70,4,137490223,2025-11-04T15:00:00.000Z,league.rs,54849475,16,7,0,0,0,23
276888,70,4,137490231,2025-11-08T16:30:00.000Z,league.rs,50891529,0,0,8,30,0,38
276888,70,4,137490231,2025-11-08T16:30:00.000Z,league.rs,51210546,37,0,0,0,0,37
276888,70,4,137490231,2025-11-08T16:30:00.000Z,league.rs,53919658,0,0,0,18,0,18
276888,70,4,137490231,2025-11-08T16:30:00.000Z,league.rs,54231090,0,0,40,0,0,40
276888,70,4,137490231,2025-11-08T16:30:00.000Z,league.rs,54516150,0,0,0,0,48,48
276888,70,4,137490231,2025-11-08T16:30:00.000Z,league.rs,54849455,0,38,0,0,0,38
276888,70,4,137490231,2025-11-08T16:30:00.000Z,league.rs,54849475,11,10,0,0,0,21
276888,70,5,137490239,2025-11-11T16:30:00.000Z,league.rs,50891529,0,0,48,0,0,48
276888,70,5,137490239,2025-11-11T16:30:00.000Z,league.rs,53919658,0,48,0,0,0,48
276888,70,5,137490239,2025-11-11T16:30:00.000Z,league.rs,54538565,0,0,0,0,48,48
276888,70,5,137490247,2025-11-16T01:00:00.000Z,league.rs,50891529,0,0,5,33,0,38
276888,70,5,137490247,2025-11-16T01:00:00.000Z,league.rs,51210546,39,0,0,0,0,39
276888,70,5,137490247,2025-11-16T01:00:00.000Z,league.rs,53919658,0,0,0,15,0,15
276888,70,5,137490247,2025-11-16T01:00:00.000Z,league.rs,54231090,0,0,43,0,0,43
276888,70,5,137490247,2025-11-16T01:00:00.000Z,league.rs,54516150,0,0,0,0,48,48
276888,70,5,137490247,2025-11-16T01:00:00.000Z,league.rs,54849455,0,40,0,0,0,40
276888,70,5,137490247,2025-11-16T01:00:00.000Z,league.rs,54849475,9,8,0,0,0,17
276888,70,6,137490255,2025-11-18T16:30:00.000Z,league.rs,50891529,0,0,48,0,0,48
276888,70,6,137490255,2025-11-18T16:30:00.000Z,league.rs,53919658,0,48,0,0,0,48
276888,70,6,137490255,2025-11-18T16:30:00.000Z,league.rs,54538565,0,0,0,0,48,48
276888,70,6,137490263,2025-11-22T16:30:00.000Z,league.rs,50891529,0,0,3,33,0,36
276888,70,6,137490263,2025-11-22T16:30:00.000Z,league.rs,51210546,37,0,0,0,0,37
276888,70,6,137490263,2025-11-22T16:30:00.000Z,league.rs,53919658,0,0,0,15,0,15
276888,70,6,137490263,2025-11-22T16:30:00.000Z,league.rs,54231090,0,0,45,0,0,45
276888,70,6,137490263,2025-11-22T16:30:00.000Z,league.rs,54516150,0,0,0,0,48,48
276888,70,6,137490263,2025-11-22T16:30:00.000Z,league.rs,54849455,0,37,0,0,0,37
276888,70,6,137490263,2025-11-22T16:30:00.000Z,league.rs,54849475,11,11,0,0,0,22
276888,70,7,137490271,2025-11-25T16:30:00.000Z,league.rs,50891529,0,0,48,0,0,48
276888,70,7,137490271,2025-11-25T16:30:00.000Z,league.rs,53919658,0,48,0,0,0,48
276888,70,7,137490271,2025-11-25T16:30:00.000Z,league.rs,54538565,0,0,0,0,42,42
276888,70,7,137490279,2025-11-29T18:30:00.000Z,league.rs.tv,50891529,0,0,10,26,0,36
276888,70,7,137490279,2025-11-29T18:30:00.000Z,league.rs.tv,51210546,30,0,0,0,0,30
276888,70,7,137490279,2025-11-29T18:30:00.000Z,league.rs.tv,53919658,0,0,0,22,0,22
276888,70,7,137490279,2025-11-29T18:30:00.000Z,league.rs.tv,54231090,0,0,38,0,0,38
276888,70,7,137490279,2025-11-29T18:30:00.000Z,league.rs.tv,54516150,0,0,0,0,48,48
276888,70,7,137490279,2025-11-29T18:30:00.000Z,league.rs.tv,54849455,0,41,0,0,0,41
276888,70,7,137490279,2025-11-29T18:30:00.000Z,league.rs.tv,54849475,18,7,0,0,0,25
276888,70,8,137626630,2025-12-04T16:30:00.000Z,friendly,50891529,0,0,4,35,0,39
276888,70,8,137626630,2025-12-04T16:30:00.000Z,friendly,51210546,41,0,0,0,0,41
276888,70,8,137626630,2025-12-04T16:30:00.000Z,friendly,53919658,0,0,0,13,0,13
276888,70,8,137626630,2025-12-04T16:30:00.000Z,friendly,54231090,0,0,44,0,0,44
276888,70,8,137626630,2025-12-04T16:30:00.000Z,friendly,54538565,0,0,0,0,48,48
276888,70,8,137626630,2025-12-04T16:30:00.000Z,friendly,54849455,0,37,0,0,0,37
276888,70,8,137626630,2025-12-04T16:30:00.000Z,friendly,54849475,7,11,0,0,0,18
276888,70,8,137490287,2025-12-06T16:30:00.000Z,league.rs,50891529,0,0,3,17,0,20
276888,70,8,137490287,2025-12-06T16:30:00.000Z,league.rs,51210546,40,0,0,0,0,40
276888,70,8,137490287,2025-12-06T16:30:00.000Z,league.rs,53919658,0,0,0,31,0,31
276888,70,8,137490287,2025-12-06T16:30:00.000Z,league.rs,54231090,0,0,45,0,0,45
276888,70,8,137490287,2025-12-06T16:30:00.000Z,league.rs,54516150,0,0,0,0,48,48
276888,70,8,137490287,2025-12-06T16:30:00.000Z,league.rs,54849455,0,38,0,0,0,38
276888,70,8,137490287,2025-12-06T16:30:00.000Z,league.rs,54849475,8,10,0,0,0,18
276888,70,9,137490295,2025-12-10T00:00:00.000Z,league.rs,50891529,0,0,1,36,0,37
276888,70,9,137490295,2025-12-10T00:00:00.000Z,league.rs,51210546,36,0,0,0,0,36
276888,70,9,137490295,2025-12-10T00:00:00.000Z,league.rs,53919658,0,0,1,12,0,13
276888,70,9,137490295,2025-12-10T00:00:00.000Z,league.rs,54231090,0,0,46,0,0,46
276888,70,9,137490295,2025-12-10T00:00:00.000Z,league.rs,54516150,0,0,0,0,48,48
276888,70,9,137490295,2025-12-10T00:00:00.000Z,league.rs,54849455,0,38,0,0,0,38
276888,70,9,137490295,2025-12-10T00:00:00.000Z,league.rs,54849475,12,10,0,0,0,22
276888,70,9,137490303,2025-12-13T11:00:00.000Z,league.rs,50891529,0,0,6,26,0,32
276888,70,9,137490303,2025-12-13T11:00:00.000Z,league.rs,51210546,25,0,0,0,0,25
276888,70,9,137490303,2025-12-13T11:00:00.000Z,league.rs,53919658,0,0,0,22,0,22
276888,70,9,137490303,2025-12-13T11:00:00.000Z,league.rs,54231090,0,0,42,0,0,42
276888,70,9,137490303,2025-12-13T11:00:00.000Z,league.rs,54516150,0,0,0,0,48,48
276888,70,9,137490303,2025-12-13T11:00:00.000Z,league.rs,54849455,0,44,0,0,0,44
276888,70,9,137490303,2025-12-13T11:00:00.000Z,league.rs,54849475,23,4,0,0,0,27
276888,70,10,137490311,2025-12-16T16:30:00.000Z,league.rs.tv,50891529,0,0,10,10,0,20
276888,70,10,137490311,2025-12-16T16:30:00.000Z,league.rs.tv,51210546,37,0,0,0,0,37
276888,70,10,137490311,2025-12-16T16:30:00.000Z,league.rs.tv,53919658,0,0,0,0,0,0
276888,70,10,137490311,2025-12-16T16:30:00.000Z,league.rs.tv,54231090,0,0,38,0,0,38
276888,70,10,137490311,2025-12-16T16:30:00.000Z,league.rs.tv,54516150,0,0,0,38,0,38
276888,70,10,137490311,2025-12-16T16:30:00.000Z,league.rs.tv,54538565,0,0,0,0,48,48
276888,70,10,137490311,2025-12-16T16:30:00.000Z,league.rs.tv,54849455,0,37,0,0,0,37
276888,70,10,137490311,2025-12-16T16:30:00.000Z,league.rs.tv,54849475,11,11,0,0,0,22
276888,70,10,137490319,2025-12-21T00:00:00.000Z,league.rs,50891529,0,0,3,35,0,38
276888,70,10,137490319,2025-12-21T00:00:00.000Z,league.rs,51210546,40,0,0,0,0,40
276888,70,10,137490319,2025-12-21T00:00:00.000Z,league.rs,53919658,0,0,0,13,0,13
276888,70,10,137490319,2025-12-21T00:00:00.000Z,league.rs,54231090,0,0,45,0,0,45
276888,70,10,137490319,2025-12-21T00:00:00.000Z,league.rs,54516150,0,0,0,0,48,48
276888,70,10,137490319,2025-12-21T00:00:00.000Z,league.rs,54849455,0,41,0,0,0,41
276888,70,10,137490319,2025-12-21T00:00:00.000Z,league.rs,54849475,8,7,0,0,0,15
276888,70,11,137490327,2025-12-23T16:30:00.000Z,league.rs,50891529,0,0,2,34,0,36
276888,70,11,137490327,2025-12-23T16:30:00.000Z,league.rs,51210546,40,0,0,0,0,40
276888,70,11,137490327,2025-12-23T16:30:00.000Z,league.rs,53919658,0,0,0,14,0,14
276888,70,11,137490327,2025-12-23T16:30:00.000Z,league.rs,54231090,0,0,46,0,0,46
276888,70,11,137490327,2025-12-23T16:30:00.000Z,league.rs,54538565,0,0,0,0,48,48
276888,70,11,137490327,2025-12-23T16:30:00.000Z,league.rs,54849455,0,37,0,0,0,37
276888,70,11,137490327,2025-12-23T16:30:00.000Z,league.rs,54849475,8,11,0,0,0,19
276888,70,11,137490335,2025-12-27T13:00:00.000Z,league.rs,50891529,0,0,11,22,0,33
276888,70,11,137490335,2025-12-27T13:00:00.000Z,league.rs,51210546,27,0,0,0,0,27
276888,70,11,137490335,2025-12-27T13:00:00.000Z,league.rs,53919658,0,0,0,26,0,26
276888,70,11,137490335,2025-12-27T13:00:00.000Z,league.rs,54231090,0,0,37,0,0,37
276888,70,11,137490335,2025-12-27T13:00:00.000Z,league.rs,54516150,0,0,0,0,48,48
276888,70,11,137490335,2025-12-27T13:00:00.000Z,league.rs,54849455,0,42,0,0,0,42
276888,70,11,137490335,2025-12-27T13:00:00.000Z,league.rs,54849475,21,6,0,0,0,27
276888,70,12,137490343,2025-12-30T16:30:00.000Z,league.rs,50891529,0,0,5,32,0,37
276888,70,12,137490343,2025-12-30T16:30:00.000Z,league.rs,51210546,34,0,0,0,0,34
276888,70,12,137490343,2025-12-30T16:30:00.000Z,league.rs,53919658,0,0,1,16,0,17
276888,70,12,137490343,2025-12-30T16:30:00.000Z,league.rs,54231090,0,0,42,0,0,42
276888,70,12,137490343,2025-12-30T16:30:00.000Z,league.rs,54538565,0,0,0,0,48,48
276888,70,12,137490343,2025-12-30T16:30:00.000Z,league.rs,54849455,0,40,0,0,0,40
276888,70,12,137490343,2025-12-30T16:30:00.000Z,league.rs,54849475,14,8,0,0,0,22
276888,70,12,137490351,2026-01-03T17:00:00.000Z,league.rs,50891529,0,0,2,34,0,36
276888,70,12,137490351,2026-01-03T17:00:00.000Z,league.rs,51210546,39,0,0,0,0,39
276888,70,12,137490351,2026-01-03T17:00:00.000Z,league.rs,53919658,0,0,0,14,0,14
276888,70,12,137490351,2026-01-03T17:00:00.000Z,league.rs,54231090,0,0,46,0,0,46
276888,70,12,137490351,2026-01-03T17:00:00.000Z,league.rs,54516150,0,0,0,0,48,48
276888,70,12,137490351,2026-01-03T17:00:00.000Z,league.rs,54849455,0,35,0,0,0,35
276888,70,12,137490351,2026-01-03T17:00:00.000Z,league.rs,54849475,9,13,0,0,0,22
276888,70,13,137728771,2026-01-06T16:30:00.000Z,league.relegation,50891529,0,0,5,33,0,38
276888,70,13,137728771,2026-01-06T16:30:00.000Z,league.relegation,51210546,39,0,0,0,0,39
276888,70,13,137728771,2026-01-06T16:30:00.000Z,league.relegation,53919658,0,0,0,15,0,15
276888,70,13,137728771,2026-01-06T16:30:00.000Z,league.relegation,54231090,0,0,43,0,0,43
276888,70,13,137728771,2026-01-06T16:30:00.000Z,league.relegation,54516150,0,0,0,0,48,48
276888,70,13,137728771,2026-01-06T16:30:00.000Z,league.relegation,54849455,0,36,0,0,0,36
276888,70,13,137728771,2026-01-06T16:30:00.000Z,league.relegation,54849475,9,12,0,0,0,21
276888,70,13,137728772,2026-01-11T00:00:00.000Z,league.relegation,50891529,0,0,6,31,0,37
276888,70,13,137728772,2026-01-11T00:00:00.000Z,league.relegation,51210546,39,0,0,0,0,39
276888,70,13,137728772,2026-01-11T00:00:00.000Z,league.relegation,53919658,0,0,0,17,0,17
276888,70,13,137728772,2026-01-11T00:00:00.000Z,league.relegation,54231090,0,0,42,0,0,42
276888,70,13,137728772,2026-01-11T00:00:00.000Z,league.relegation,54516150,0,0,0,0,48,48
276888,70,13,137728772,2026-01-11T00:00:00.000Z,league.relegation,54849455,0,37,0,0,0,37
276888,70,13,137728772,2026-01-11T00:00:00.000Z,league.relegation,54849475,9,11,0,0,0,20
276888,70,14,137817955,2026-01-18T02:00:00.000Z,friendly,50891529,0,0,4,32,0,36
276888,70,14,137817955,2026-01-18T02:00:00.000Z,friendly,51210546,38,0,0,0,0,38
276888,70,14,137817955,2026-01-18T02:00:00.000Z,friendly,53919658,0,0,0,16,0,16
276888,70,14,137817955,2026-01-18T02:00:00.000Z,friendly,54231090,0,0,44,0,0,44
276888,70,14,137817955,2026-01-18T02:00:00.000Z,friendly,54516150,0,0,0,0,48,48
276888,70,14,137817955,2026-01-18T02:00:00.000Z,friendly,54849455,0,41,0,0,0,41
276888,70,14,137817955,2026-01-18T02:00:00.000Z,friendly,54849475,10,7,0,0,0,17
276888,71,1,138549822,2026-01-24T16:30:00.000Z,league.rs,50891529,0,0,2,35,0,37
276888,71,1,138549822,2026-01-24T16:30:00.000Z,league.rs,51210546,37,0,0,0,0,37
276888,71,1,138549822,2026-01-24T16:30:00.000Z,league.rs,53919658,0,0,0,13,0,13
276888,71,1,138549822,2026-01-24T16:30:00.000Z,league.rs,54231090,0,0,46,0,0,46
276888,71,1,138549822,2026-01-24T16:30:00.000Z,league.rs,54516150,0,0,0,0,48,48
276888,71,1,138549822,2026-01-24T16:30:00.000Z,league.rs,54849455,0,39,0,0,0,39
276888,71,1,138549822,2026-01-24T16:30:00.000Z,league.rs,54849475,11,9,0,0,0,20
276888,71,2,138549830,2026-01-27T20:00:00.000Z,league.rs,50891529,0,0,4,34,0,38
276888,71,2,138549830,2026-01-27T20:00:00.000Z,league.rs,51210546,33,0,0,0,0,33
276888,71,2,138549830,2026-01-27T20:00:00.000Z,league.rs,53919658,0,0,4,14,0,18
276888,71,2,138549830,2026-01-27T20:00:00.000Z,league.rs,54231090,0,0,41,0,0,41
276888,71,2,138549830,2026-01-27T20:00:00.000Z,league.rs,54516150,0,0,0,0,48,48
276888,71,2,138549830,2026-01-27T20:00:00.000Z,league.rs,54849455,0,39,0,0,0,39
276888,71,2,138549830,2026-01-27T20:00:00.000Z,league.rs,54849475,15,9,0,0,0,24
276888,71,2,138514385,2026-01-29T16:30:00.000Z,cup,50891529,0,0,3,34,0,37
276888,71,2,138514385,2026-01-29T16:30:00.000Z,cup,51210546,38,0,0,0,0,38
276888,71,2,138514385,2026-01-29T16:30:00.000Z,cup,53919658,0,0,0,14,0,14
276888,71,2,138514385,2026-01-29T16:30:00.000Z,cup,54231090,0,0,45,0,0,45
276888,71,2,138514385,2026-01-29T16:30:00.000Z,cup,54516150,0,0,0,0,48,48
276888,71,2,138514385,2026-01-29T16:30:00.000Z,cup,54849455,0,36,0,0,0,36
276888,71,2,138514385,2026-01-29T16:30:00.000Z,cup,54849475,10,12,0,0,0,22
276888,71,2,138549838,2026-01-31T16:30:00.000Z,league.rs.tv,50891529,0,0,0,18,8,26
276888,71,2,138549838,2026-01-31T16:30:00.000Z,league.rs.tv,51210546,28,0,0,0,0,28
276888,71,2,138549838,2026-01-31T16:30:00.000Z,league.rs.tv,53919658,0,0,22,0,0,22
276888,71,2,138549838,2026-01-31T16:30:00.000Z,league.rs.tv,54231090,0,0,26,0,0,26
276888,71,2,138549838,2026-01-31T16:30:00.000Z,league.rs.tv,54516150,0,0,0,0,36,36
276888,71,2,138549838,2026-01-31T16:30:00.000Z,league.rs.tv,54538565,0,0,0,30,4,34
276888,71,2,138549838,2026-01-31T16:30:00.000Z,league.rs.tv,54849455,0,43,0,0,0,43
276888,71,2,138549838,2026-01-31T16:30:00.000Z,league.rs.tv,54849475,20,5,0,0,0,25
276888,71,2,138549846,2026-02-03T12:00:00.000Z,league.rs,50891529,0,0,0,3,31,34
276888,71,2,138549846,2026-02-03T12:00:00.000Z,league.rs,51210546,34,0,0,0,0,34
276888,71,2,138549846,2026-02-03T12:00:00.000Z,league.rs,53919658,0,0,15,0,0,15
276888,71,2,138549846,2026-02-03T12:00:00.000Z,league.rs,54231090,0,0,33,0,0,33
276888,71,2,138549846,2026-02-03T12:00:00.000Z,league.rs,54516150,0,0,0,0,17,17
276888,71,2,138549846,2026-02-03T12:00:00.000Z,league.rs,54538565,0,0,0,45,0,45
276888,71,2,138549846,2026-02-03T12:00:00.000Z,league.rs,54849455,0,39,0,0,0,39
276888,71,2,138549846,2026-02-03T12:00:00.000Z,league.rs,54849475,14,9,0,0,0,23
276888,71,3,138549854,2026-02-07T16:30:00.000Z,league.rs,50891529,0,0,0,20,6,26
276888,71,3,138549854,2026-02-07T16:30:00.000Z,league.rs,51210546,40,0,0,0,0,40
276888,71,3,138549854,2026-02-07T16:30:00.000Z,league.rs,53919658,0,0,11,0,0,11
276888,71,3,138549854,2026-02-07T16:30:00.000Z,league.rs,54231090,0,0,37,0,0,37
276888,71,3,138549854,2026-02-07T16:30:00.000Z,league.rs,54516150,0,0,0,0,42,42
276888,71,3,138549854,2026-02-07T16:30:00.000Z,league.rs,54538565,0,0,0,28,0,28
276888,71,3,138549854,2026-02-07T16:30:00.000Z,league.rs,54849455,0,37,0,0,0,37
276888,71,3,138549854,2026-02-07T16:30:00.000Z,league.rs,54849475,8,11,0,0,0,19
276888,71,4,138549862,2026-02-10T20:00:00.000Z,league.rs,50891529,0,0,0,10,11,21
276888,71,4,138549862,2026-02-10T20:00:00.000Z,league.rs,51210546,37,0,0,0,0,37
276888,71,4,138549862,2026-02-10T20:00:00.000Z,league.rs,53919658,0,0,13,0,0,13
276888,71,4,138549862,2026-02-10T20:00:00.000Z,league.rs,54231090,0,0,35,0,0,35
276888,71,4,138549862,2026-02-10T20:00:00.000Z,league.rs,54516150,0,0,0,0,37,37
276888,71,4,138549862,2026-02-10T20:00:00.000Z,league.rs,54538565,0,0,0,38,0,38
276888,71,4,138549862,2026-02-10T20:00:00.000Z,league.rs,54849455,0,39,0,0,0,39
276888,71,4,138549862,2026-02-10T20:00:00.000Z,league.rs,54849475,11,9,0,0,0,20
276888,71,4,138549869,2026-02-15T00:00:00.000Z,league.rs,50891529,0,0,0,0,16,16
276888,71,4,138549869,2026-02-15T00:00:00.000Z,league.rs,51210546,42,0,0,0,0,42
276888,71,4,138549869,2026-02-15T00:00:00.000Z,league.rs,53919658,0,0,14,0,0,14
276888,71,4,138549869,2026-02-15T00:00:00.000Z,league.rs,54231090,0,0,38,0,0,38
276888,71,4,138549869,2026-02-15T00:00:00.000Z,league.rs,54516150,0,0,0,0,37,37
276888,71,4,138549869,2026-02-15T00:00:00.000Z,league.rs,54538565,0,0,0,38,0,38
276888,71,4,138549869,2026-02-15T00:00:00.000Z,league.rs,54849455,0,43,0,0,0,43
276888,71,4,138549869,2026-02-15T00:00:00.000Z,league.rs,54849475,11,10,0,0,0,21
276888,71,4,138549869,2026-02-15T00:00:00.000Z,league.rs,55462508,0,0,0,14,0,14
276888,71,4,138549878,2026-02-17T11:30:00.000Z,league.rs,50891529,0,0,0,0,1,1
276888,71,4,138549878,2026-02-17T11:30:00.000Z,league.rs,51210546,39,0,0,0,0,39
276888,71,4,138549878,2026-02-17T11:30:00.000Z,league.rs,53919658,0,0,12,0,0,12
276888,71,4,138549878,2026-02-17T11:30:00.000Z,league.rs,54231090,0,0,36,0,0,36
276888,71,4,138549878,2026-02-17T11:30:00.000Z,league.rs,54516150,0,0,0,0,47,47
276888,71,4,138549878,2026-02-17T11:30:00.000Z,league.rs,54538565,0,0,0,36,0,36
276888,71,4,138549878,2026-02-17T11:30:00.000Z,league.rs,54849455,0,32,0,0,0,32
276888,71,4,138549878,2026-02-17T11:30:00.000Z,league.rs,54849475,9,16,0,0,0,25
276888,71,4,138549878,2026-02-17T11:30:00.000Z,league.rs,55462508,0,0,0,12,0,12
276888,71,5,138549886,2026-02-21T16:30:00.000Z,league.rs,50891529,0,0,0,0,24,24
276888,71,5,138549886,2026-02-21T16:30:00.000Z,league.rs,51210546,28,0,0,0,0,28
276888,71,5,138549886,2026-02-21T16:30:00.000Z,league.rs,53919658,0,0,24,0,0,24
276888,71,5,138549886,2026-02-21T16:30:00.000Z,league.rs,54231090,0,0,24,0,0,24
276888,71,5,138549886,2026-02-21T16:30:00.000Z,league.rs,54516150,0,0,0,0,24,24
276888,71,5,138549886,2026-02-21T16:30:00.000Z,league.rs,54538565,0,0,0,24,0,24
276888,71,5,138549886,2026-02-21T16:30:00.000Z,league.rs,54849455,0,44,0,0,0,44
276888,71,5,138549886,2026-02-21T16:30:00.000Z,league.rs,54849475,20,4,0,0,0,24
276888,71,5,138549886,2026-02-21T16:30:00.000Z,league.rs,55462508,0,0,0,24,0,24
276888,71,6,138549894,2026-02-24T17:00:00.000Z,league.rs,50891529,0,0,0,0,21,21
276888,71,6,138549894,2026-02-24T17:00:00.000Z,league.rs,51210546,29,0,0,0,0,29
276888,71,6,138549894,2026-02-24T17:00:00.000Z,league.rs,53919658,0,0,21,0,0,21
276888,71,6,138549894,2026-02-24T17:00:00.000Z,league.rs,54231090,0,0,27,0,0,27
276888,71,6,138549894,2026-02-24T17:00:00.000Z,league.rs,54516150,0,0,0,0,27,27
276888,71,6,138549894,2026-02-24T17:00:00.000Z,league.rs,54538565,0,0,0,27,0,27
276888,71,6,138549894,2026-02-24T17:00:00.000Z,league.rs,54849455,0,40,0,0,0,40
276888,71,6,138549894,2026-02-24T17:00:00.000Z,league.rs,54849475,19,8,0,0,0,27
276888,71,6,138549894,2026-02-24T17:00:00.000Z,league.rs,55462508,0,0,0,21,0,21
276888,71,6,138549902,2026-02-28T16:30:00.000Z,league.rs,50891529,0,0,0,0,22,22
276888,71,6,138549902,2026-02-28T16:30:00.000Z,league.rs,51210546,29,0,0,0,0,29
276888,71,6,138549902,2026-02-28T16:30:00.000Z,league.rs,53919658,0,0,21,0,0,21
276888,71,6,138549902,2026-02-28T16:30:00.000Z,league.rs,54231090,0,0,27,0,0,27
276888,71,6,138549902,2026-02-28T16:30:00.000Z,league.rs,54516150,0,0,0,0,26,26
276888,71,6,138549902,2026-02-28T16:30:00.000Z,league.rs,54538565,0,0,0,27,0,27
276888,71,6,138549902,2026-02-28T16:30:00.000Z,league.rs,54849455,0,42,0,0,0,42
276888,71,6,138549902,2026-02-28T16:30:00.000Z,league.rs,54849475,19,6,0,0,0,25
276888,71,6,138549902,2026-02-28T16:30:00.000Z,league.rs,55462508,0,0,0,21,0,21
276888,71,7,138549910,2026-03-03T17:00:00.000Z,league.rs,50891529,0,0,0,0,21,21
276888,71,7,138549910,2026-03-03T17:00:00.000Z,league.rs,51210546,28,0,0,0,0,28
276888,71,7,138549910,2026-03-03T17:00:00.000Z,league.rs,53919658,0,0,21,0,0,21
276888,71,7,138549910,2026-03-03T17:00:00.000Z,league.rs,54231090,0,0,27,0,0,27
276888,71,7,138549910,2026-03-03T17:00:00.000Z,league.rs,54516150,0,0,0,0,27,27
276888,71,7,138549910,2026-03-03T17:00:00.000Z,league.rs,54538565,0,0,0,27,0,27
276888,71,7,138549910,2026-03-03T17:00:00.000Z,league.rs,54849455,0,44,0,0,0,44
276888,71,7,138549910,2026-03-03T17:00:00.000Z,league.rs,54849475,20,4,0,0,0,24
276888,71,7,138549910,2026-03-03T17:00:00.000Z,league.rs,55462508,0,0,0,21,0,21
276888,71,7,138549918,2026-03-07T16:30:00.000Z,league.rs,50891529,0,0,0,0,26,26
276888,71,7,138549918,2026-03-07T16:30:00.000Z,league.rs,51210546,28,0,0,0,0,28
276888,71,7,138549918,2026-03-07T16:30:00.000Z,league.rs,53919658,0,0,21,0,0,21
276888,71,7,138549918,2026-03-07T16:30:00.000Z,league.rs,54231090,0,0,27,0,0,27
276888,71,7,138549918,2026-03-07T16:30:00.000Z,league.rs,54516150,0,0,0,0,22,22
276888,71,7,138549918,2026-03-07T16:30:00.000Z,league.rs,54538565,0,0,0,28,0,28
276888,71,7,138549918,2026-03-07T16:30:00.000Z,league.rs,54849455,0,43,0,0,0,43
276888,71,7,138549918,2026-03-07T16:30:00.000Z,league.rs,54849475,20,5,0,0,0,25
276888,71,7,138549918,2026-03-07T16:30:00.000Z,league.rs,55462508,0,0,0,20,0,20
276888,71,8,138549926,2026-03-14T17:30:00.000Z,league.rs,50891529,0,0,0,0,20,20
276888,71,8,138549926,2026-03-14T17:30:00.000Z,league.rs,51210546,30,0,0,0,0,30
276888,71,8,138549926,2026-03-14T17:30:00.000Z,league.rs,53919658,0,0,21,0,0,21
276888,71,8,138549926,2026-03-14T17:30:00.000Z,league.rs,54231090,0,0,27,0,0,27
276888,71,8,138549926,2026-03-14T17:30:00.000Z,league.rs,54516150,0,0,0,0,28,28
276888,71,8,138549926,2026-03-14T17:30:00.000Z,league.rs,54538565,0,0,0,27,0,27
276888,71,8,138549926,2026-03-14T17:30:00.000Z,league.rs,54849455,0,41,0,0,0,41
276888,71,8,138549926,2026-03-14T17:30:00.000Z,league.rs,54849475,18,7,0,0,0,25
276888,71,8,138549926,2026-03-14T17:30:00.000Z,league.rs,55462508,0,0,0,21,0,21
276888,71,9,138549934,2026-03-17T15:30:00.000Z,league.rs.tv,50891529,0,0,0,0,27,27
276888,71,9,138549934,2026-03-17T15:30:00.000Z,league.rs.tv,51210546,30,0,0,0,0,30
276888,71,9,138549934,2026-03-17T15:30:00.000Z,league.rs.tv,53919658,0,0,20,0,0,20
276888,71,9,138549934,2026-03-17T15:30:00.000Z,league.rs.tv,54231090,0,0,28,0,0,28
276888,71,9,138549934,2026-03-17T15:30:00.000Z,league.rs.tv,54516150,0,0,0,0,21,21
276888,71,9,138549934,2026-03-17T15:30:00.000Z,league.rs.tv,54538565,0,0,0,28,0,28
276888,71,9,138549934,2026-03-17T15:30:00.000Z,league.rs.tv,54849455,0,41,0,0,0,41
276888,71,9,138549934,2026-03-17T15:30:00.000Z,league.rs.tv,54849475,18,7,0,0,0,25
276888,71,9,138549934,2026-03-17T15:30:00.000Z,league.rs.tv,55462508,0,0,0,20,0,20
276888,71,9,138549942,2026-03-21T23:00:00.000Z,league.rs,50891529,0,0,0,0,17,17
276888,71,9,138549942,2026-03-21T23:00:00.000Z,league.rs,51210546,35,0,0,0,0,35
276888,71,9,138549942,2026-03-21T23:00:00.000Z,league.rs,53919658,0,0,14,0,0,14
276888,71,9,138549942,2026-03-21T23:00:00.000Z,league.rs,54231090,0,0,34,0,0,34
276888,71,9,138549942,2026-03-21T23:00:00.000Z,league.rs,54516150,0,0,0,0,31,31
276888,71,9,138549942,2026-03-21T23:00:00.000Z,league.rs,54538565,0,0,0,33,0,33
276888,71,9,138549942,2026-03-21T23:00:00.000Z,league.rs,54849455,0,40,0,0,0,40
276888,71,9,138549942,2026-03-21T23:00:00.000Z,league.rs,54849475,13,8,0,0,0,21
276888,71,9,138549942,2026-03-21T23:00:00.000Z,league.rs,55462508,0,0,0,15,0,15
276888,71,10,138549950,2026-03-24T15:30:00.000Z,league.rs,50891529,0,0,0,0,23,23
276888,71,10,138549950,2026-03-24T15:30:00.000Z,league.rs,51210546,27,0,0,0,0,27
276888,71,10,138549950,2026-03-24T15:30:00.000Z,league.rs,53919658,0,0,22,0,0,22
276888,71,10,138549950,2026-03-24T15:30:00.000Z,league.rs,54231090,0,0,26,0,0,26
276888,71,10,138549950,2026-03-24T15:30:00.000Z,league.rs,54516150,0,0,0,0,25,25
276888,71,10,138549950,2026-03-24T15:30:00.000Z,league.rs,54538565,0,0,0,25,0,25
276888,71,10,138549950,2026-03-24T15:30:00.000Z,league.rs,54849455,0,43,0,0,0,43
276888,71,10,138549950,2026-03-24T15:30:00.000Z,league.rs,54849475,21,5,0,0,0,26
276888,71,10,138549950,2026-03-24T15:30:00.000Z,league.rs,55462508,0,0,0,23,0,23
276888,71,10,138549958,2026-03-28T18:00:00.000Z,league.rs.tv,50891529,0,0,0,0,25,25
276888,71,10,138549958,2026-03-28T18:00:00.000Z,league.rs.tv,51210546,28,0,0,0,0,28
276888,71,10,138549958,2026-03-28T18:00:00.000Z,league.rs.tv,53919658,0,0,24,0,0,24
276888,71,10,138549958,2026-03-28T18:00:00.000Z,league.rs.tv,54231090,0,0,24,0,0,24
276888,71,10,138549958,2026-03-28T18:00:00.000Z,league.rs.tv,54516150,0,0,0,0,23,23
276888,71,10,138549958,2026-03-28T18:00:00.000Z,league.rs.tv,54538565,0,0,0,25,0,25
276888,71,10,138549958,2026-03-28T18:00:00.000Z,league.rs.tv,54849455,0,42,0,0,0,42
276888,71,10,138549958,2026-03-28T18:00:00.000Z,league.rs.tv,54849475,20,6,0,0,0,26
276888,71,10,138549958,2026-03-28T18:00:00.000Z,league.rs.tv,55462508,0,0,0,23,0,23
276888,71,11,138549966,2026-03-31T15:30:00.000Z,league.rs,50891529,0,0,0,0,22,22
276888,71,11,138549966,2026-03-31T15:30:00.000Z,league.rs,51210546,28,2,0,0,0,30
276888,71,11,138549966,2026-03-31T15:30:00.000Z,league.rs,53919658,0,0,21,0,0,21
276888,71,11,138549966,2026-03-31T15:30:00.000Z,league.rs,54231090,0,0,27,0,0,27
276888,71,11,138549966,2026-03-31T15:30:00.000Z,league.rs,54516150,0,5,0,0,26,31
276888,71,11,138549966,2026-03-31T15:30:00.000Z,league.rs,54538565,0,0,0,27,0,27
276888,71,11,138549966,2026-03-31T15:30:00.000Z,league.rs,54849455,0,32,0,0,0,32
276888,71,11,138549966,2026-03-31T15:30:00.000Z,league.rs,54849475,20,9,0,0,0,29
276888,71,11,138549966,2026-03-31T15:30:00.000Z,league.rs,55462508,0,0,0,21,0,21
276888,71,11,138549974,2026-04-04T19:00:00.000Z,league.rs,50891529,0,0,0,0,14,14
276888,71,11,138549974,2026-04-04T19:00:00.000Z,league.rs,51210546,37,0,0,0,0,37
276888,71,11,138549974,2026-04-04T19:00:00.000Z,league.rs,53919658,0,0,13,0,0,13
276888,71,11,138549974,2026-04-04T19:00:00.000Z,league.rs,54231090,0,0,35,0,0,35
276888,71,11,138549974,2026-04-04T19:00:00.000Z,league.rs,54516150,0,0,0,0,34,34
276888,71,11,138549974,2026-04-04T19:00:00.000Z,league.rs,54538565,0,0,0,36,0,36
276888,71,11,138549974,2026-04-04T19:00:00.000Z,league.rs,54849455,0,39,0,0,0,39
276888,71,11,138549974,2026-04-04T19:00:00.000Z,league.rs,54849475,11,9,0,0,0,20
276888,71,11,138549974,2026-04-04T19:00:00.000Z,league.rs,55462508,0,0,0,12,0,12
276888,71,12,138549982,2026-04-07T15:30:00.000Z,league.rs,50891529,0,0,0,0,23,23
276888,71,12,138549982,2026-04-07T15:30:00.000Z,league.rs,51210546,28,0,0,0,0,28
276888,71,12,138549982,2026-04-07T15:30:00.000Z,league.rs,53919658,0,0,23,0,0,23
276888,71,12,138549982,2026-04-07T15:30:00.000Z,league.rs,54231090,0,0,25,0,0,25
276888,71,12,138549982,2026-04-07T15:30:00.000Z,league.rs,54516150,0,0,0,0,25,25
276888,71,12,138549982,2026-04-07T15:30:00.000Z,league.rs,54538565,0,0,0,28,0,28
276888,71,12,138549982,2026-04-07T15:30:00.000Z,league.rs,54849455,0,38,0,0,0,38
276888,71,12,138549982,2026-04-07T15:30:00.000Z,league.rs,54849475,20,10,0,0,0,30
276888,71,12,138549982,2026-04-07T15:30:00.000Z,league.rs,55462508,0,0,0,20,0,20
276888,71,12,138549989,2026-04-11T15:30:00.000Z,league.rs,50891529,0,0,0,0,12,12
276888,71,12,138549989,2026-04-11T15:30:00.000Z,league.rs,51210546,36,0,0,0,0,36
276888,71,12,138549989,2026-04-11T15:30:00.000Z,league.rs,53919658,0,0,12,0,0,12
276888,71,12,138549989,2026-04-11T15:30:00.000Z,league.rs,54231090,0,0,36,0,0,36
276888,71,12,138549989,2026-04-11T15:30:00.000Z,league.rs,54516150,0,0,0,0,36,36
276888,71,12,138549989,2026-04-11T15:30:00.000Z,league.rs,54538565,0,0,0,36,0,36
276888,71,12,138549989,2026-04-11T15:30:00.000Z,league.rs,54849455,0,36,0,0,0,36
276888,71,12,138549989,2026-04-11T15:30:00.000Z,league.rs,54849475,12,12,0,0,0,24
276888,71,12,138549989,2026-04-11T15:30:00.000Z,league.rs,55462508,0,0,0,12,0,12
276888,71,13,138759055,2026-04-14T15:30:00.000Z,league.quarterfinal,50891529,0,0,0,0,13,13
276888,71,13,138759055,2026-04-14T15:30:00.000Z,league.quarterfinal,51210546,36,0,0,0,0,36
276888,71,13,138759055,2026-04-14T15:30:00.000Z,league.quarterfinal,53919658,0,0,11,0,0,11
276888,71,13,138759055,2026-04-14T15:30:00.000Z,league.quarterfinal,54231090,0,0,37,0,0,37
276888,71,13,138759055,2026-04-14T15:30:00.000Z,league.quarterfinal,54516150,0,0,0,0,35,35
276888,71,13,138759055,2026-04-14T15:30:00.000Z,league.quarterfinal,54538565,0,0,0,35,0,35
276888,71,13,138759055,2026-04-14T15:30:00.000Z,league.quarterfinal,54849455,0,40,0,0,0,40
276888,71,13,138759055,2026-04-14T15:30:00.000Z,league.quarterfinal,54849475,12,8,0,0,0,20
276888,71,13,138759055,2026-04-14T15:30:00.000Z,league.quarterfinal,55462508,0,0,0,13,0,13
276888,71,13,138782183,2026-04-18T19:00:00.000Z,league.semifinal,50891529,0,0,0,0,8,8
276888,71,13,138782183,2026-04-18T19:00:00.000Z,league.semifinal,51210546,39,0,0,0,0,39
276888,71,13,138782183,2026-04-18T19:00:00.000Z,league.semifinal,53919658,0,0,13,0,0,13
276888,71,13,138782183,2026-04-18T19:00:00.000Z,league.semifinal,54231090,0,0,35,0,0,35
276888,71,13,138782183,2026-04-18T19:00:00.000Z,league.semifinal,54516150,0,0,0,0,40,40
276888,71,13,138782183,2026-04-18T19:00:00.000Z,league.semifinal,54538565,0,0,0,38,0,38
276888,71,13,138782183,2026-04-18T19:00:00.000Z,league.semifinal,54849455,0,39,0,0,0,39
276888,71,13,138782183,2026-04-18T19:00:00.000Z,league.semifinal,54849475,9,9,0,0,0,18
276888,71,13,138782183,2026-04-18T19:00:00.000Z,league.semifinal,55462508,0,0,0,10,0,10
276888,71,14,138826085,2026-04-26T01:00:00.000Z,friendly,50891529,0,0,0,0,48,48
276888,71,14,138826085,2026-04-26T01:00:00.000Z,friendly,51210546,28,0,0,0,0,28
276888,71,14,138826085,2026-04-26T01:00:00.000Z,friendly,53919658,0,0,23,0,0,23
276888,71,14,138826085,2026-04-26T01:00:00.000Z,friendly,54231090,0,0,25,0,0,25
276888,71,14,138826085,2026-04-26T01:00:00.000Z,friendly,54538565,0,0,0,25,0,25
276888,71,14,138826085,2026-04-26T01:00:00.000Z,friendly,54849455,0,43,0,0,0,43
276888,71,14,138826085,2026-04-26T01:00:00.000Z,friendly,54849475,20,5,0,0,0,25
276888,71,14,138826085,2026-04-26T01:00:00.000Z,friendly,55462508,0,0,0,23,0,23
276888,72,1,139579070,2026-05-02T15:30:00.000Z,league.rs,50891529,0,0,0,0,48,48
276888,72,1,139579070,2026-05-02T15:30:00.000Z,league.rs,51210546,26,0,0,0,0,26
276888,72,1,139579070,2026-05-02T15:30:00.000Z,league.rs,53919658,0,0,23,0,0,23
276888,72,1,139579070,2026-05-02T15:30:00.000Z,league.rs,54231090,0,0,25,0,0,25
276888,72,1,139579070,2026-05-02T15:30:00.000Z,league.rs,54538565,0,0,0,25,0,25
276888,72,1,139579070,2026-05-02T15:30:00.000Z,league.rs,54849455,0,43,0,0,0,43
276888,72,1,139579070,2026-05-02T15:30:00.000Z,league.rs,54849475,22,5,0,0,0,27
276888,72,1,139579070,2026-05-02T15:30:00.000Z,league.rs,55462508,0,0,0,23,0,23
276888,72,1,139579078,2026-05-06T00:00:00.000Z,league.rs,51210546,37,0,0,0,0,37
276888,72,1,139579078,2026-05-06T00:00:00.000Z,league.rs,53919658,11,0,0,0,0,11
276888,72,1,139579078,2026-05-06T00:00:00.000Z,league.rs,54849455,0,38,0,0,0,38
276888,72,1,139579078,2026-05-06T00:00:00.000Z,league.rs,54849475,0,10,0,0,0,10
276888,72,1,139579078,2026-05-06T00:00:00.000Z,league.rs,55462499,0,0,0,0,48,48
276888,72,1,139579078,2026-05-06T00:00:00.000Z,league.rs,55688935,0,0,0,48,0,48
276888,72,1,139579078,2026-05-06T00:00:00.000Z,league.rs,55689054,0,0,48,0,0,48
276888,72,2,139522908,2026-05-07T16:30:00.000Z,cup,50891529,0,0,0,0,34,34
276888,72,2,139522908,2026-05-07T16:30:00.000Z,cup,51210546,34,0,0,0,0,34
276888,72,2,139522908,2026-05-07T16:30:00.000Z,cup,53919658,14,0,0,0,0,14
276888,72,2,139522908,2026-05-07T16:30:00.000Z,cup,54538565,0,0,0,48,0,48
276888,72,2,139522908,2026-05-07T16:30:00.000Z,cup,54849455,0,34,0,0,0,34
276888,72,2,139522908,2026-05-07T16:30:00.000Z,cup,54849475,0,14,0,0,0,14
276888,72,2,139522908,2026-05-07T16:30:00.000Z,cup,55688935,0,0,0,0,0,0
276888,72,2,139522908,2026-05-07T16:30:00.000Z,cup,55689054,0,0,0,0,14,14
276888,72,2,139522908,2026-05-07T16:30:00.000Z,cup,55689060,0,0,48,0,0,48
276888,72,2,139579086,2026-05-09T15:30:00.000Z,league.rs,50891529,0,0,35,0,0,35
276888,72,2,139579086,2026-05-09T15:30:00.000Z,league.rs,51210546,35,0,0,0,0,35
276888,72,2,139579086,2026-05-09T15:30:00.000Z,league.rs,53919658,13,0,0,0,0,13
276888,72,2,139579086,2026-05-09T15:30:00.000Z,league.rs,54538565,0,0,0,35,0,35
276888,72,2,139579086,2026-05-09T15:30:00.000Z,league.rs,54849455,0,35,0,0,0,35
276888,72,2,139579086,2026-05-09T15:30:00.000Z,league.rs,54849475,0,13,0,0,0,13
276888,72,2,139579086,2026-05-09T15:30:00.000Z,league.rs,55689054,0,0,0,13,0,13
276888,72,2,139579086,2026-05-09T15:30:00.000Z,league.rs,55689060,0,0,0,0,48,48
276888,72,2,139579086,2026-05-09T15:30:00.000Z,league.rs,55711440,0,0,13,0,0,13
276888,72,2,139579094,2026-05-12T23:00:00.000Z,league.rs,50891529,0,0,40,0,0,40
276888,72,2,139579094,2026-05-12T23:00:00.000Z,league.rs,51210546,34,0,0,0,0,34
276888,72,2,139579094,2026-05-12T23:00:00.000Z,league.rs,53919658,14,0,0,0,0,14
276888,72,2,139579094,2026-05-12T23:00:00.000Z,league.rs,54538565,0,0,0,38,0,38
276888,72,2,139579094,2026-05-12T23:00:00.000Z,league.rs,54849455,0,37,0,0,0,37
276888,72,2,139579094,2026-05-12T23:00:00.000Z,league.rs,54849475,0,11,0,0,0,11
276888,72,2,139579094,2026-05-12T23:00:00.000Z,league.rs,55688935,0,0,0,0,48,48
276888,72,2,139579094,2026-05-12T23:00:00.000Z,league.rs,55711440,0,0,8,10,0,18
276888,72,3,139617813,2026-05-14T15:30:00.000Z,cup,50891529,0,0,9,1,0,10
276888,72,3,139617813,2026-05-14T15:30:00.000Z,cup,51210546,34,0,0,0,0,34
276888,72,3,139617813,2026-05-14T15:30:00.000Z,cup,53919658,14,0,0,0,0,14
276888,72,3,139617813,2026-05-14T15:30:00.000Z,cup,54538565,0,0,39,0,0,39
276888,72,3,139617813,2026-05-14T15:30:00.000Z,cup,54849455,0,34,0,0,0,34
276888,72,3,139617813,2026-05-14T15:30:00.000Z,cup,54849475,0,14,0,0,0,14
276888,72,3,139617813,2026-05-14T15:30:00.000Z,cup,55688935,0,0,0,33,0,33
276888,72,3,139617813,2026-05-14T15:30:00.000Z,cup,55689054,0,0,0,14,7,21
276888,72,3,139617813,2026-05-14T15:30:00.000Z,cup,55689060,0,0,0,0,41,41
276888,72,3,139579100,2026-05-16T08:00:00.000Z,league.rs,50891529,0,0,26,0,0,26
276888,72,3,139579100,2026-05-16T08:00:00.000Z,league.rs,51210546,26,0,0,0,0,26
276888,72,3,139579100,2026-05-16T08:00:00.000Z,league.rs,53919658,0,0,22,0,0,22
276888,72,3,139579100,2026-05-16T08:00:00.000Z,league.rs,54538565,0,0,0,27,0,27
276888,72,3,139579100,2026-05-16T08:00:00.000Z,league.rs,54849455,0,27,0,0,0,27
276888,72,3,139579100,2026-05-16T08:00:00.000Z,league.rs,54849475,0,21,0,0,0,21
276888,72,3,139579100,2026-05-16T08:00:00.000Z,league.rs,55689054,0,0,0,21,0,21
276888,72,3,139579100,2026-05-16T08:00:00.000Z,league.rs,55689060,0,0,0,0,48,48
276888,72,3,139579100,2026-05-16T08:00:00.000Z,league.rs,55711440,22,0,0,0,0,22
276888,72,3,139579109,2026-05-19T15:30:00.000Z,league.rs,50891529,0,0,36,0,0,36
276888,72,3,139579109,2026-05-19T15:30:00.000Z,league.rs,51210546,37,0,0,0,0,37
276888,72,3,139579109,2026-05-19T15:30:00.000Z,league.rs,53919658,0,0,12,0,0,12
276888,72,3,139579109,2026-05-19T15:30:00.000Z,league.rs,54538565,0,0,0,38,0,38
276888,72,3,139579109,2026-05-19T15:30:00.000Z,league.rs,54849455,0,38,0,0,0,38
276888,72,3,139579109,2026-05-19T15:30:00.000Z,league.rs,54849475,0,10,0,0,0,10
276888,72,3,139579109,2026-05-19T15:30:00.000Z,league.rs,55688935,0,0,0,0,48,48
276888,72,3,139579109,2026-05-19T15:30:00.000Z,league.rs,55689060,0,0,0,10,0,10
276888,72,3,139579109,2026-05-19T15:30:00.000Z,league.rs,55711440,11,0,0,0,0,11
276888,72,4,139636542,2026-05-21T15:30:00.000Z,friendly,50891529,0,0,27,0,4,31
276888,72,4,139636542,2026-05-21T15:30:00.000Z,friendly,51210546,27,0,0,0,0,27
276888,72,4,139636542,2026-05-21T15:30:00.000Z,friendly,53919658,0,0,21,0,0,21
276888,72,4,139636542,2026-05-21T15:30:00.000Z,friendly,54538565,0,0,0,27,8,35
276888,72,4,139636542,2026-05-21T15:30:00.000Z,friendly,54849455,0,27,0,0,0,27
276888,72,4,139636542,2026-05-21T15:30:00.000Z,friendly,54849475,0,21,0,0,0,21
276888,72,4,139636542,2026-05-21T15:30:00.000Z,friendly,55689054,0,0,0,21,0,21
276888,72,4,139636542,2026-05-21T15:30:00.000Z,friendly,55689060,0,0,0,0,36,36
276888,72,4,139636542,2026-05-21T15:30:00.000Z,friendly,55711440,21,0,0,0,0,21
276888,72,4,139579117,2026-05-23T15:30:00.000Z,league.rs.tv,50891529,0,0,35,0,0,35
276888,72,4,139579117,2026-05-23T15:30:00.000Z,league.rs.tv,51210546,35,0,0,0,0,35
276888,72,4,139579117,2026-05-23T15:30:00.000Z,league.rs.tv,53919658,0,0,13,0,1,14
276888,72,4,139579117,2026-05-23T15:30:00.000Z,league.rs.tv,54538565,0,0,0,34,0,34
276888,72,4,139579117,2026-05-23T15:30:00.000Z,league.rs.tv,54849455,0,35,0,0,0,35
276888,72,4,139579117,2026-05-23T15:30:00.000Z,league.rs.tv,54849475,0,13,0,0,0,13
276888,72,4,139579117,2026-05-23T15:30:00.000Z,league.rs.tv,55689054,0,0,0,14,0,14
276888,72,4,139579117,2026-05-23T15:30:00.000Z,league.rs.tv,55689060,0,0,0,0,47,47
276888,72,4,139579117,2026-05-23T15:30:00.000Z,league.rs.tv,55711440,13,0,0,0,0,13
276888,72,4,139579126,2026-05-26T15:30:00.000Z,league.rs,50891529,0,0,31,0,0,31
276888,72,4,139579126,2026-05-26T15:30:00.000Z,league.rs,51210546,32,0,0,0,0,32
276888,72,4,139579126,2026-05-26T15:30:00.000Z,league.rs,53919658,0,0,17,0,0,17
276888,72,4,139579126,2026-05-26T15:30:00.000Z,league.rs,54538565,0,0,0,35,0,35
276888,72,4,139579126,2026-05-26T15:30:00.000Z,league.rs,54849455,0,32,0,0,0,32
276888,72,4,139579126,2026-05-26T15:30:00.000Z,league.rs,54849475,0,16,0,0,0,16
276888,72,4,139579126,2026-05-26T15:30:00.000Z,league.rs,55688935,0,0,0,0,47,47
276888,72,4,139579126,2026-05-26T15:30:00.000Z,league.rs,55689060,0,0,0,13,1,14
276888,72,4,139579126,2026-05-26T15:30:00.000Z,league.rs,55711440,16,0,0,0,0,16
276888,72,5,139650389,2026-05-28T15:30:00.000Z,friendly,54231090,0,0,0,38,0,38
276888,72,5,139650389,2026-05-28T15:30:00.000Z,friendly,55462486,12,9,0,0,0,21
276888,72,5,139650389,2026-05-28T15:30:00.000Z,friendly,55462499,0,39,0,0,0,39
276888,72,5,139650389,2026-05-28T15:30:00.000Z,friendly,55462508,0,0,9,10,0,19
276888,72,5,139650389,2026-05-28T15:30:00.000Z,friendly,55688935,0,0,0,0,48,48
276888,72,5,139650389,2026-05-28T15:30:00.000Z,friendly,55711429,36,0,0,0,0,36
276888,72,5,139650389,2026-05-28T15:30:00.000Z,friendly,55711447,0,0,39,0,0,39
276888,72,5,139579134,2026-05-30T15:00:00.000Z,league.rs.tv,50891529,0,0,32,0,0,32
276888,72,5,139579134,2026-05-30T15:00:00.000Z,league.rs.tv,51210546,36,0,0,0,0,36
276888,72,5,139579134,2026-05-30T15:00:00.000Z,league.rs.tv,53919658,0,0,16,0,0,16
276888,72,5,139579134,2026-05-30T15:00:00.000Z,league.rs.tv,54538565,0,0,0,37,0,37
276888,72,5,139579134,2026-05-30T15:00:00.000Z,league.rs.tv,54849455,0,36,0,0,0,36
276888,72,5,139579134,2026-05-30T15:00:00.000Z,league.rs.tv,54849475,0,12,0,0,0,12
276888,72,5,139579134,2026-05-30T15:00:00.000Z,league.rs.tv,55689054,0,0,0,11,0,11
276888,72,5,139579134,2026-05-30T15:00:00.000Z,league.rs.tv,55689060,0,0,0,0,48,48
276888,72,5,139579134,2026-05-30T15:00:00.000Z,league.rs.tv,55711440,12,0,0,0,0,12
276888,72,5,139579142,2026-06-02T15:30:00.000Z,league.rs,50891529,0,0,31,0,0,31
276888,72,5,139579142,2026-06-02T15:30:00.000Z,league.rs,51210546,37,0,0,0,0,37
276888,72,5,139579142,2026-06-02T15:30:00.000Z,league.rs,53919658,0,0,17,0,0,17
276888,72,5,139579142,2026-06-02T15:30:00.000Z,league.rs,54538565,0,0,0,22,0,22
276888,72,5,139579142,2026-06-02T15:30:00.000Z,league.rs,54849455,0,38,0,0,0,38
276888,72,5,139579142,2026-06-02T15:30:00.000Z,league.rs,54849475,0,10,0,0,0,10
276888,72,5,139579142,2026-06-02T15:30:00.000Z,league.rs,55688935,0,0,0,0,48,48
276888,72,5,139579142,2026-06-02T15:30:00.000Z,league.rs,55689060,0,0,0,26,0,26
276888,72,5,139579142,2026-06-02T15:30:00.000Z,league.rs,55711440,11,0,0,0,0,11
276888,72,6,139667293,2026-06-04T10:00:00.000Z,friendly,50891529,0,0,36,0,0,36
276888,72,6,139667293,2026-06-04T10:00:00.000Z,friendly,51210546,38,0,0,0,0,38
276888,72,6,139667293,2026-06-04T10:00:00.000Z,friendly,53919658,0,0,11,0,0,11
276888,72,6,139667293,2026-06-04T10:00:00.000Z,friendly,54538565,0,0,0,36,0,36
276888,72,6,139667293,2026-06-04T10:00:00.000Z,friendly,54849455,0,38,0,0,0,38
276888,72,6,139667293,2026-06-04T10:00:00.000Z,friendly,54849475,0,10,0,0,0,10
276888,72,6,139667293,2026-06-04T10:00:00.000Z,friendly,55689054,0,0,0,12,0,12
276888,72,6,139667293,2026-06-04T10:00:00.000Z,friendly,55689060,0,0,0,0,48,48
276888,72,6,139667293,2026-06-04T10:00:00.000Z,friendly,55711440,10,0,0,0,0,10
276888,72,6,139579150,2026-06-06T23:00:00.000Z,league.rs,50891529,0,0,35,0,0,35
276888,72,6,139579150,2026-06-06T23:00:00.000Z,league.rs,51210546,35,0,0,0,0,35
276888,72,6,139579150,2026-06-06T23:00:00.000Z,league.rs,53919658,0,0,13,0,0,13
276888,72,6,139579150,2026-06-06T23:00:00.000Z,league.rs,54538565,0,0,0,35,0,35
276888,72,6,139579150,2026-06-06T23:00:00.000Z,league.rs,54849455,0,36,0,0,0,36
276888,72,6,139579150,2026-06-06T23:00:00.000Z,league.rs,54849475,0,12,0,0,0,12
276888,72,6,139579150,2026-06-06T23:00:00.000Z,league.rs,55689054,0,0,0,13,0,13
276888,72,6,139579150,2026-06-06T23:00:00.000Z,league.rs,55689060,0,0,0,0,48,48
276888,72,6,139579150,2026-06-06T23:00:00.000Z,league.rs,55711440,13,0,0,0,0,13
276888,72,6,139579158,2026-06-09T15:30:00.000Z,league.rs,50891529,0,0,36,0,0,36
276888,72,6,139579158,2026-06-09T15:30:00.000Z,league.rs,51210546,36,0,0,0,0,36
276888,72,6,139579158,2026-06-09T15:30:00.000Z,league.rs,53919658,0,0,12,0,0,12
276888,72,6,139579158,2026-06-09T15:30:00.000Z,league.rs,54538565,0,0,0,35,0,35
276888,72,6,139579158,2026-06-09T15:30:00.000Z,league.rs,54849455,0,36,0,0,0,36
276888,72,6,139579158,2026-06-09T15:30:00.000Z,league.rs,54849475,0,12,0,0,0,12
276888,72,6,139579158,2026-06-09T15:30:00.000Z,league.rs,55688935,0,0,0,0,48,48
276888,72,6,139579158,2026-06-09T15:30:00.000Z,league.rs,55689060,0,0,0,13,0,13
276888,72,6,139579158,2026-06-09T15:30:00.000Z,league.rs,55711440,12,0,0,0,0,12
276888,72,7,139677644,2026-06-11T13:30:00.000Z,friendly,54231090,0,42,0,0,0,42
276888,72,7,139677644,2026-06-11T13:30:00.000Z,friendly,55462499,0,0,48,0,0,48
276888,72,7,139677644,2026-06-11T13:30:00.000Z,friendly,55689054,0,0,0,0,48,48
276888,72,7,139677644,2026-06-11T13:30:00.000Z,friendly,55711429,0,0,0,48,0,48
276888,72,7,139677644,2026-06-11T13:30:00.000Z,friendly,55711447,48,0,0,0,0,48
276888,72,7,139579166,2026-06-13T12:00:00.000Z,league.rs,50891529,0,0,35,0,0,35
276888,72,7,139579166,2026-06-13T12:00:00.000Z,league.rs,51210546,35,0,0,0,0,35
276888,72,7,139579166,2026-06-13T12:00:00.000Z,league.rs,53919658,0,0,12,0,1,13
276888,72,7,139579166,2026-06-13T12:00:00.000Z,league.rs,54538565,0,0,0,35,0,35
276888,72,7,139579166,2026-06-13T12:00:00.000Z,league.rs,54849455,0,35,0,0,0,35
276888,72,7,139579166,2026-06-13T12:00:00.000Z,league.rs,54849475,0,13,0,0,1,14
276888,72,7,139579166,2026-06-13T12:00:00.000Z,league.rs,55688935,0,0,0,13,1,14
276888,72,7,139579166,2026-06-13T12:00:00.000Z,league.rs,55689060,0,0,0,0,44,44
276888,72,7,139579166,2026-06-13T12:00:00.000Z,league.rs,55711440,13,0,0,0,0,13
276888,72,8,139692947,2026-06-19T00:00:00.000Z,friendly,50891529,0,0,32,0,0,32
276888,72,8,139692947,2026-06-19T00:00:00.000Z,friendly,51210546,32,0,0,0,0,32
276888,72,8,139692947,2026-06-19T00:00:00.000Z,friendly,53919658,0,0,16,0,0,16
276888,72,8,139692947,2026-06-19T00:00:00.000Z,friendly,54538565,0,0,0,32,0,32
276888,72,8,139692947,2026-06-19T00:00:00.000Z,friendly,54849455,0,32,0,0,0,32
276888,72,8,139692947,2026-06-19T00:00:00.000Z,friendly,54849475,0,16,0,0,0,16
276888,72,8,139692947,2026-06-19T00:00:00.000Z,friendly,55689054,0,0,0,16,0,16
276888,72,8,139692947,2026-06-19T00:00:00.000Z,friendly,55689060,0,0,0,0,48,48
276888,72,8,139692947,2026-06-19T00:00:00.000Z,friendly,55711440,16,0,0,0,0,16
276888,72,8,139579174,2026-06-20T15:30:00.000Z,league.rs,50891529,0,0,35,0,0,35
276888,72,8,139579174,2026-06-20T15:30:00.000Z,league.rs,51210546,32,0,0,0,0,32
276888,72,8,139579174,2026-06-20T15:30:00.000Z,league.rs,53919658,0,0,13,0,0,13
276888,72,8,139579174,2026-06-20T15:30:00.000Z,league.rs,54538565,0,0,0,35,0,35
276888,72,8,139579174,2026-06-20T15:30:00.000Z,league.rs,54849455,0,34,0,0,0,34
276888,72,8,139579174,2026-06-20T15:30:00.000Z,league.rs,54849475,0,14,0,0,0,14
276888,72,8,139579174,2026-06-20T15:30:00.000Z,league.rs,55689054,0,0,0,13,0,13
276888,72,8,139579174,2026-06-20T15:30:00.000Z,league.rs,55689060,0,0,0,0,48,48
276888,72,8,139579174,2026-06-20T15:30:00.000Z,league.rs,55711440,16,0,0,0,0,16
276888,72,8,139579182,2026-06-23T15:55:00.000Z,league.rs,50891529,0,0,38,0,0,38
276888,72,8,139579182,2026-06-23T15:55:00.000Z,league.rs,51210546,37,0,0,0,0,37
276888,72,8,139579182,2026-06-23T15:55:00.000Z,league.rs,53919658,0,0,10,0,0,10
276888,72,8,139579182,2026-06-23T15:55:00.000Z,league.rs,54538565,0,0,0,38,0,38
276888,72,8,139579182,2026-06-23T15:55:00.000Z,league.rs,54849455,0,37,0,0,0,37
276888,72,8,139579182,2026-06-23T15:55:00.000Z,league.rs,54849475,0,11,0,0,0,11
276888,72,8,139579182,2026-06-23T15:55:00.000Z,league.rs,55688935,0,0,0,0,48,48
276888,72,8,139579182,2026-06-23T15:55:00.000Z,league.rs,55689060,0,0,0,10,0,10
276888,72,8,139579182,2026-06-23T15:55:00.000Z,league.rs,55711440,11,0,0,0,0,11
276888,72,9,139702066,2026-06-25T15:30:00.000Z,friendly,54231090,0,48,0,0,0,48
276888,72,9,139702066,2026-06-25T15:30:00.000Z,friendly,55462499,0,0,48,0,0,48
276888,72,9,139702066,2026-06-25T15:30:00.000Z,friendly,55689054,0,0,0,0,48,48
276888,72,9,139702066,2026-06-25T15:30:00.000Z,friendly,55711429,0,0,0,48,0,48
276888,72,9,139702066,2026-06-25T15:30:00.000Z,friendly,55711447,48,0,0,0,0,48
276888,72,9,139579190,2026-06-27T12:00:00.000Z,league.rs,50891529,0,0,27,0,0,27
276888,72,9,139579190,2026-06-27T12:00:00.000Z,league.rs,51210546,27,0,0,0,0,27
276888,72,9,139579190,2026-06-27T12:00:00.000Z,league.rs,53919658,0,0,21,0,0,21
276888,72,9,139579190,2026-06-27T12:00:00.000Z,league.rs,54538565,0,0,0,28,1,29
276888,72,9,139579190,2026-06-27T12:00:00.000Z,league.rs,54849455,0,27,0,0,0,27
276888,72,9,139579190,2026-06-27T12:00:00.000Z,league.rs,54849475,0,21,0,0,0,21
276888,72,9,139579190,2026-06-27T12:00:00.000Z,league.rs,55689054,0,0,0,20,0,20
276888,72,9,139579190,2026-06-27T12:00:00.000Z,league.rs,55689060,0,0,0,0,47,47
276888,72,9,139579190,2026-06-27T12:00:00.000Z,league.rs,55711440,21,0,0,0,0,21
276888,72,9,139579198,2026-06-30T15:30:00.000Z,league.rs,50891529,0,0,34,0,0,34
276888,72,9,139579198,2026-06-30T15:30:00.000Z,league.rs,51210546,34,0,0,0,0,34
276888,72,9,139579198,2026-06-30T15:30:00.000Z,league.rs,53919658,0,0,14,0,0,14
276888,72,9,139579198,2026-06-30T15:30:00.000Z,league.rs,54538565,0,0,0,34,0,34
276888,72,9,139579198,2026-06-30T15:30:00.000Z,league.rs,54849455,0,34,0,0,0,34
276888,72,9,139579198,2026-06-30T15:30:00.000Z,league.rs,54849475,0,14,0,0,0,14
276888,72,9,139579198,2026-06-30T15:30:00.000Z,league.rs,55688935,0,0,0,0,48,48
276888,72,9,139579198,2026-06-30T15:30:00.000Z,league.rs,55689060,0,0,0,14,0,14
276888,72,9,139579198,2026-06-30T15:30:00.000Z,league.rs,55711440,14,0,0,0,0,14
276888,72,10,139706979,2026-07-02T15:30:00.000Z,friendly,54231090,0,48,0,0,0,48
276888,72,10,139706979,2026-07-02T15:30:00.000Z,friendly,55462499,0,0,48,0,0,48
276888,72,10,139706979,2026-07-02T15:30:00.000Z,friendly,55689054,0,0,0,0,48,48
276888,72,10,139706979,2026-07-02T15:30:00.000Z,friendly,55711429,0,0,0,48,0,48
276888,72,10,139706979,2026-07-02T15:30:00.000Z,friendly,55711447,48,0,0,0,0,48
276888,72,10,139579206,2026-07-04T23:00:00.000Z,league.rs,50891529,0,0,35,0,0,35
276888,72,10,139579206,2026-07-04T23:00:00.000Z,league.rs,51210546,35,0,0,0,0,35
276888,72,10,139579206,2026-07-04T23:00:00.000Z,league.rs,53919658,0,0,13,0,0,13
276888,72,10,139579206,2026-07-04T23:00:00.000Z,league.rs,54538565,0,0,0,36,0,36
276888,72,10,139579206,2026-07-04T23:00:00.000Z,league.rs,54849455,0,33,0,0,0,33
276888,72,10,139579206,2026-07-04T23:00:00.000Z,league.rs,54849475,0,15,0,0,0,15
276888,72,10,139579206,2026-07-04T23:00:00.000Z,league.rs,55689054,0,0,0,12,0,12
276888,72,10,139579206,2026-07-04T23:00:00.000Z,league.rs,55689060,0,0,0,0,48,48
276888,72,10,139579206,2026-07-04T23:00:00.000Z,league.rs,55711440,13,0,0,0,0,13
276888,72,10,139579214,2026-07-07T15:30:00.000Z,league.rs,50891529,0,0,38,0,0,38
276888,72,10,139579214,2026-07-07T15:30:00.000Z,league.rs,51210546,38,0,0,0,0,38
276888,72,10,139579214,2026-07-07T15:30:00.000Z,league.rs,53919658,0,0,10,0,0,10
276888,72,10,139579214,2026-07-07T15:30:00.000Z,league.rs,54849455,0,38,0,0,0,38
276888,72,10,139579214,2026-07-07T15:30:00.000Z,league.rs,54849475,0,10,0,0,0,10
276888,72,10,139579214,2026-07-07T15:30:00.000Z,league.rs,55688935,0,0,0,0,48,48
276888,72,10,139579214,2026-07-07T15:30:00.000Z,league.rs,55689060,0,0,0,48,0,48
276888,72,10,139579214,2026-07-07T15:30:00.000Z,league.rs,55711440,10,0,0,0,0,10
276888,72,11,139715423,2026-07-09T16:30:00.000Z,friendly,50891529,0,0,28,0,0,28
276888,72,11,139715423,2026-07-09T16:30:00.000Z,friendly,51210546,28,0,0,0,0,28
276888,72,11,139715423,2026-07-09T16:30:00.000Z,friendly,53919658,0,0,20,0,0,20
276888,72,11,139715423,2026-07-09T16:30:00.000Z,friendly,54849455,0,27,0,0,0,27
276888,72,11,139715423,2026-07-09T16:30:00.000Z,friendly,54849475,0,21,0,0,0,21
276888,72,11,139715423,2026-07-09T16:30:00.000Z,friendly,55689054,0,0,0,48,0,48
276888,72,11,139715423,2026-07-09T16:30:00.000Z,friendly,55689060,0,0,0,0,48,48
276888,72,11,139715423,2026-07-09T16:30:00.000Z,friendly,55711440,20,0,0,0,0,20
276888,72,11,139579220,2026-07-11T15:30:00.000Z,league.rs,50891529,0,0,0,29,0,29
276888,72,11,139579220,2026-07-11T15:30:00.000Z,league.rs,51210546,29,0,0,0,0,29
276888,72,11,139579220,2026-07-11T15:30:00.000Z,league.rs,53919658,0,0,19,0,0,19
276888,72,11,139579220,2026-07-11T15:30:00.000Z,league.rs,54849455,0,29,0,0,0,29
276888,72,11,139579220,2026-07-11T15:30:00.000Z,league.rs,54849475,0,19,0,0,0,19
276888,72,11,139579220,2026-07-11T15:30:00.000Z,league.rs,55462499,0,0,29,0,0,29
276888,72,11,139579220,2026-07-11T15:30:00.000Z,league.rs,55689054,0,0,0,19,0,19
276888,72,11,139579220,2026-07-11T15:30:00.000Z,league.rs,55689060,0,0,0,0,48,48
276888,72,11,139579220,2026-07-11T15:30:00.000Z,league.rs,55711440,19,0,0,0,0,19
276888,72,11,139579229,2026-07-14T15:35:00.000Z,league.rs,50891529,0,0,0,35,0,35
276888,72,11,139579229,2026-07-14T15:35:00.000Z,league.rs,51210546,31,0,0,0,0,31
276888,72,11,139579229,2026-07-14T15:35:00.000Z,league.rs,53919658,0,0,16,0,0,16
276888,72,11,139579229,2026-07-14T15:35:00.000Z,league.rs,54849455,0,31,0,0,0,31
276888,72,11,139579229,2026-07-14T15:35:00.000Z,league.rs,54849475,0,17,0,0,0,17
276888,72,11,139579229,2026-07-14T15:35:00.000Z,league.rs,55462499,0,0,32,0,0,32
276888,72,11,139579229,2026-07-14T15:35:00.000Z,league.rs,55688935,0,0,0,0,48,48
276888,72,11,139579229,2026-07-14T15:35:00.000Z,league.rs,55689060,0,0,0,13,0,13
276888,72,11,139579229,2026-07-14T15:35:00.000Z,league.rs,55711440,17,0,0,0,0,17
276888,72,12,139719579,2026-07-17T00:00:00.000Z,friendly,54231090,0,48,0,0,0,48
276888,72,12,139719579,2026-07-17T00:00:00.000Z,friendly,55462499,0,0,48,0,0,48
276888,72,12,139719579,2026-07-17T00:00:00.000Z,friendly,55689054,0,0,0,0,48,48
276888,72,12,139719579,2026-07-17T00:00:00.000Z,friendly,55711429,0,0,0,48,0,48
276888,72,12,139719579,2026-07-17T00:00:00.000Z,friendly,55711447,48,0,0,0,0,48
276888,72,12,139579237,2026-07-18T23:00:00.000Z,league.rs.tv,50891529,0,0,0,38,0,38
276888,72,12,139579237,2026-07-18T23:00:00.000Z,league.rs.tv,51210546,39,0,0,0,0,39
276888,72,12,139579237,2026-07-18T23:00:00.000Z,league.rs.tv,53919658,0,0,39,0,0,39
276888,72,12,139579237,2026-07-18T23:00:00.000Z,league.rs.tv,54849455,0,39,0,0,0,39
276888,72,12,139579237,2026-07-18T23:00:00.000Z,league.rs.tv,54849475,0,14,0,0,0,14
276888,72,12,139579237,2026-07-18T23:00:00.000Z,league.rs.tv,55462499,0,0,14,0,0,14
276888,72,12,139579237,2026-07-18T23:00:00.000Z,league.rs.tv,55689054,0,0,0,15,0,15
276888,72,12,139579237,2026-07-18T23:00:00.000Z,league.rs.tv,55689060,0,0,0,0,53,53
276888,72,12,139579237,2026-07-18T23:00:00.000Z,league.rs.tv,55711440,14,0,0,0,0,14
276888,72,12,139776398,2026-07-21T23:00:00.000Z,league.relegation,50891529,0,0,34,0,0,34
276888,72,12,139776398,2026-07-21T23:00:00.000Z,league.relegation,51210546,36,0,0,0,0,36
276888,72,12,139776398,2026-07-21T23:00:00.000Z,league.relegation,53919658,0,0,14,0,0,14
276888,72,12,139776398,2026-07-21T23:00:00.000Z,league.relegation,54849455,0,36,0,0,0,36
276888,72,12,139776398,2026-07-21T23:00:00.000Z,league.relegation,54849475,0,12,0,0,0,12
276888,72,12,139776398,2026-07-21T23:00:00.000Z,league.relegation,55689054,0,0,0,48,0,48
276888,72,12,139776398,2026-07-21T23:00:00.000Z,league.relegation,55689060,0,0,0,0,48,48
276888,72,12,139776398,2026-07-21T23:00:00.000Z,league.relegation,55711440,12,0,0,0,0,12
276888,72,13,139800155,2026-07-23T15:30:00.000Z,friendly,50891529,0,0,37,0,0,37
276888,72,13,139800155,2026-07-23T15:30:00.000Z,friendly,51210546,37,0,0,0,0,37
276888,72,13,139800155,2026-07-23T15:30:00.000Z,friendly,53919658,0,0,11,0,0,11
276888,72,13,139800155,2026-07-23T15:30:00.000Z,friendly,54849455,0,37,0,0,0,37
276888,72,13,139800155,2026-07-23T15:30:00.000Z,friendly,54849475,0,11,0,0,0,11
276888,72,13,139800155,2026-07-23T15:30:00.000Z,friendly,55689054,0,0,0,48,0,48
276888,72,13,139800155,2026-07-23T15:30:00.000Z,friendly,55689060,0,0,0,0,48,48
276888,72,13,139800155,2026-07-23T15:30:00.000Z,friendly,55711440,11,0,0,0,0,11
276888,72,13,139776399,2026-07-25T15:30:00.000Z,league.relegation,50891529,0,0,0,36,0,36
276888,72,13,139776399,2026-07-25T15:30:00.000Z,league.relegation,51210546,38,0,0,0,0,38
276888,72,13,139776399,2026-07-25T15:30:00.000Z,league.relegation,53919658,0,0,9,0,0,9
276888,72,13,139776399,2026-07-25T15:30:00.000Z,league.relegation,54849455,0,39,0,0,0,39
276888,72,13,139776399,2026-07-25T15:30:00.000Z,league.relegation,54849475,0,9,0,0,0,9
276888,72,13,139776399,2026-07-25T15:30:00.000Z,league.relegation,55462499,0,0,39,0,0,39
276888,72,13,139776399,2026-07-25T15:30:00.000Z,league.relegation,55688935,0,0,0,0,48,48
276888,72,13,139776399,2026-07-25T15:30:00.000Z,league.relegation,55689060,0,0,0,12,0,12
276888,72,13,139776399,2026-07-25T15:30:00.000Z,league.relegation,55711440,10,0,0,0,0,10
276888,72,14,139845929,2026-07-30T11:00:00.000Z,friendly,50891529,0,0,29,0,0,29
276888,72,14,139845929,2026-07-30T11:00:00.000Z,friendly,51210546,28,0,0,0,0,28
276888,72,14,139845929,2026-07-30T11:00:00.000Z,friendly,53919658,0,0,19,0,0,19
276888,72,14,139845929,2026-07-30T11:00:00.000Z,friendly,54849455,0,27,0,0,0,27
276888,72,14,139845929,2026-07-30T11:00:00.000Z,friendly,54849475,0,21,0,0,0,21
276888,72,14,139845929,2026-07-30T11:00:00.000Z,friendly,55689054,0,0,0,48,0,48
276888,72,14,139845929,2026-07-30T11:00:00.000Z,friendly,55689060,0,0,0,0,48,48
276888,72,14,139845929,2026-07-30T11:00:00.000Z,friendly,55711440,20,0,0,0,0,20
276888,72,14,139843084,2026-08-02T01:00:00.000Z,friendly,50891529,0,0,36,0,0,36
276888,72,14,139843084,2026-08-02T01:00:00.000Z,friendly,51210546,37,0,0,0,0,37
276888,72,14,139843084,2026-08-02T01:00:00.000Z,friendly,53919658,0,0,12,0,0,12
276888,72,14,139843084,2026-08-02T01:00:00.000Z,friendly,54849455,0,38,0,0,0,38
276888,72,14,139843084,2026-08-02T01:00:00.000Z,friendly,54849475,0,10,0,0,0,10
276888,72,14,139843084,2026-08-02T01:00:00.000Z,friendly,55689054,0,0,0,48,0,48
276888,72,14,139843084,2026-08-02T01:00:00.000Z,friendly,55689060,0,0,0,0,48,48
276888,72,14,139843084,2026-08-02T01:00:00.000Z,friendly,55711440,11,0,0,0,0,11
276888,73,1,139851219,2026-08-07T00:00:00.000Z,friendly,50891529,0,0,0,37,0,37
276888,73,1,139851219,2026-08-07T00:00:00.000Z,friendly,51210546,33,0,0,0,0,33
276888,73,1,139851219,2026-08-07T00:00:00.000Z,friendly,53919658,0,0,16,0,0,16
276888,73,1,139851219,2026-08-07T00:00:00.000Z,friendly,54849455,0,33,0,0,0,33
276888,73,1,139851219,2026-08-07T00:00:00.000Z,friendly,54849475,0,15,0,0,0,15
276888,73,1,139851219,2026-08-07T00:00:00.000Z,friendly,55462499,0,0,32,0,0,32
276888,73,1,139851219,2026-08-07T00:00:00.000Z,friendly,55688935,0,0,0,0,48,48
276888,73,1,139851219,2026-08-07T00:00:00.000Z,friendly,55689060,0,0,0,11,0,11
276888,73,1,139851219,2026-08-07T00:00:00.000Z,friendly,55711440,15,0,0,0,0,15
